{"이미지 정보":{"이미지 식별자":464,"이미지 높이":800,"이미지 파일명":"THEBLUE_017_06.jpg","이미지 너비":800},"데이터셋 정보":{"파일 생성일자":"2020-08-03 01:55:44","데이터셋 상세설명":{"렉트좌표":{"아우터":[{"X좌표":198.737,"Y좌표":-1.48369,"가로":351,"세로":398}],"하의":[{"X좌표":308.66,"Y좌표":245.345,"가로":205,"세로":469}],"원피스":[{}],"상의":[{}]},"폴리곤좌표":{"아우터":[{"X좌표39":471.048,"X좌표38":462.054,"X좌표37":459.056,"X좌표36":455.059,"X좌표35":455.059,"X좌표34":448.064,"X좌표33":434.073,"X좌표32":409.091,"X좌표31":397.099,"X좌표30":387.106,"X좌표49":550.992,"X좌표48":544.996,"X좌표47":543.997,"X좌표46":525.01,"X좌표45":531.006,"X좌표44":546.995,"X좌표43":532.005,"X좌표42":517.016,"X좌표41":499.028,"X좌표40":486.037,"Y좌표26":227.857,"Y좌표25":248.843,"Y좌표28":158.905,"Y좌표27":187.885,"Y좌표22":341.778,"Y좌표21":333.784,"Y좌표24":281.82,"Y좌표23":356.768,"Y좌표20":337.781,"X좌표59":528.008,"X좌표58":540.999,"X좌표57":542.998,"X좌표56":536.003,"X좌표55":541.998,"X좌표54":547.994,"X좌표53":545.996,"X좌표52":540.0,"X좌표51":535.003,"X좌표50":545.996,"Y좌표29":128.926,"Y좌표15":267.829,"Y좌표14":228.857,"Y좌표17":329.786,"Y좌표16":300.807,"Y좌표11":103.943,"Y좌표10":72.9649,"Y좌표13":213.867,"Y좌표12":181.889,"X좌표68":385.107,"X좌표67":402.096,"X좌표66":443.067,"X좌표65":452.061,"X좌표64":472.047,"X좌표63":487.037,"X좌표62":511.02,"Y좌표19":337.781,"X좌표61":527.009,"Y좌표18":336.782,"X좌표60":528.008,"Y좌표48":260.834,"Y좌표47":281.82,"Y좌표49":231.855,"Y좌표44":393.742,"Y좌표43":394.741,"Y좌표46":283.818,"Y좌표45":325.789,"Y좌표40":360.765,"Y좌표42":397.739,"Y좌표41":394.741,"Y좌표37":183.888,"Y좌표36":114.936,"X좌표8":239.209,"Y좌표39":306.802,"X좌표9":249.202,"Y좌표38":244.845,"Y좌표33":44.9844,"Y좌표32":46.983,"Y좌표35":70.9663,"Y좌표34":47.9823,"Y좌표31":66.9691,"Y좌표30":89.9531,"X좌표2":348.133,"X좌표3":321.152,"X좌표1":385.107,"X좌표6":309.16,"X좌표7":248.203,"X좌표4":303.164,"X좌표5":298.168,"Y좌표9":43.9851,"Y좌표66":23.9989,"Y좌표65":28.9955,"Y좌표68":29.9948,"Y좌표67":22.9996,"Y좌표62":45.9837,"Y좌표61":52.9788,"Y좌표64":36.9899,"Y좌표63":41.9865,"Y좌표60":57.9753,"X좌표19":216.225,"X좌표18":205.232,"X좌표17":199.237,"X좌표16":216.225,"X좌표15":228.216,"X좌표14":246.204,"X좌표13":250.201,"X좌표12":273.185,"X좌표11":304.164,"Y좌표4":33.992,"X좌표10":266.19,"Y좌표3":44.9844,"Y좌표2":43.9851,"Y좌표1":29.9948,"Y좌표8":28.9955,"Y좌표7":-0.983691,"Y좌표6":-0.983691,"Y좌표5":22.9996,"Y좌표59":83.9573,"Y좌표58":111.938,"Y좌표55":159.905,"Y좌표54":168.898,"Y좌표57":138.919,"Y좌표56":156.907,"Y좌표51":210.869,"Y좌표50":217.864,"Y좌표53":183.888,"Y좌표52":192.882,"X좌표29":377.113,"X좌표28":362.123,"X좌표27":352.13,"X좌표26":364.122,"X좌표25":365.121,"X좌표24":349.132,"X좌표23":330.146,"X좌표22":295.17,"X좌표21":266.19,"X좌표20":240.208}],"하의":[{"X좌표8":331.145,"X좌표9":325.149,"X좌표2":365.121,"X좌표3":356.128,"X좌표1":464.053,"X좌표6":328.147,"X좌표7":323.15,"X좌표4":338.14,"X좌표5":329.146,"Y좌표25":255.838,"Y좌표9":542.639,"Y좌표22":401.736,"Y좌표21":535.643,"Y좌표24":329.786,"Y좌표23":390.744,"Y좌표20":619.585,"X좌표19":488.036,"X좌표18":457.057,"X좌표17":436.072,"X좌표16":438.071,"X좌표15":423.081,"X좌표14":394.101,"X좌표13":380.111,"X좌표12":347.134,"X좌표11":328.147,"Y좌표4":302.805,"X좌표10":309.16,"Y좌표3":265.831,"Y좌표2":245.845,"Y좌표1":251.841,"Y좌표8":503.666,"Y좌표7":472.687,"Y좌표6":446.705,"Y좌표5":369.759,"Y좌표15":370.758,"Y좌표14":528.648,"Y좌표17":697.531,"Y좌표16":533.645,"Y좌표11":697.531,"Y좌표10":684.54,"Y좌표13":687.538,"Y좌표12":696.532,"X좌표25":467.05,"X좌표24":477.043,"X좌표23":498.029,"X좌표22":515.017,"X좌표21":504.025,"X좌표20":494.032,"Y좌표19":709.523,"Y좌표18":715.518}],"원피스":[{}],"상의":[{}]},"라벨링":{"스타일":[{"스타일":"매니시","서브스타일":"젠더리스"}],"아우터":[{"기장":"하프","색상":"브라운","카테고리":"재킷","옷깃":"테일러드칼라","디테일":["단추","포켓","싱글브레스티드"],"소매기장":"긴팔","소재":["린넨"],"프린트":["카무플라쥬"],"핏":"노멀"}],"하의":[{"기장":"발목","색상":"화이트","카테고리":"팬츠","소재":["우븐"],"프린트":["카무플라쥬"],"핏":"노멀"}],"원피스":[{}],"상의":[{"카테고리":"티셔츠","소재":["린넨"],"프린트":["카무플라쥬"],"넥라인":"유넥"}]}},"파일 번호":464,"파일 이름":"THEBLUE_017_06.jpg"}}