{"이미지 정보":{"이미지 식별자":465,"이미지 높이":800,"이미지 파일명":"THEBLUE_017_10.jpg","이미지 너비":800},"데이터셋 정보":{"파일 생성일자":"2020-08-03 01:55:44","데이터셋 상세설명":{"렉트좌표":{"아우터":[{"X좌표":271.686,"Y좌표":0.51492,"가로":282,"세로":404}],"하의":[{"X좌표":326.648,"Y좌표":386.247,"가로":165,"세로":306}],"원피스":[{}],"상의":[{}]},"폴리곤좌표":{"아우터":[{"X좌표31":389.105,"X좌표30":437.071,"X좌표8":279.181,"X좌표9":283.178,"Y좌표31":1.01492,"Y좌표30":4.01284,"X좌표2":372.116,"X좌표3":348.133,"X좌표1":386.107,"X좌표6":297.168,"X좌표7":285.177,"X좌표4":321.152,"X좌표5":302.165,"Y좌표26":193.881,"Y좌표25":353.77,"Y좌표28":28.9955,"Y좌표9":240.848,"Y좌표27":47.9823,"Y좌표22":405.734,"Y좌표21":404.734,"Y좌표24":359.766,"Y좌표23":397.739,"Y좌표20":397.739,"X좌표19":412.089,"X좌표18":407.092,"X좌표17":386.107,"X좌표16":356.128,"X좌표15":330.146,"X좌표14":324.15,"X좌표13":323.15,"X좌표12":296.169,"X좌표11":272.186,"Y좌표4":39.9878,"X좌표10":273.185,"Y좌표3":30.9941,"Y좌표2":19.0024,"Y좌표1":3.01353,"Y좌표8":203.874,"Y좌표7":151.91,"Y좌표29":17.0038,"Y좌표6":71.9656,"Y좌표5":47.9823,"Y좌표15":399.738,"Y좌표14":387.746,"Y좌표17":400.737,"Y좌표16":403.735,"Y좌표11":346.775,"Y좌표10":320.793,"Y좌표13":354.769,"Y좌표12":350.772,"X좌표29":446.065,"X좌표28":473.046,"X좌표27":519.014,"X좌표26":539.0,"X좌표25":554.989,"X좌표24":501.027,"X좌표23":499.028,"X좌표22":489.035,"X좌표21":460.055,"X좌표20":426.079,"Y좌표19":383.749,"Y좌표18":391.743}],"하의":[{"Y좌표9":404.734,"X좌표16":327.148,"X좌표15":349.132,"X좌표14":378.112,"X좌표13":399.098,"X좌표12":413.088,"X좌표11":435.073,"Y좌표4":693.534,"X좌표10":461.055,"Y좌표3":680.543,"Y좌표2":501.667,"Y좌표1":397.739,"Y좌표8":536.643,"Y좌표7":685.539,"Y좌표6":691.535,"Y좌표5":683.541,"Y좌표15":403.735,"Y좌표14":403.735,"X좌표8":474.046,"X좌표9":493.032,"Y좌표16":397.739,"Y좌표11":400.737,"Y좌표10":402.736,"Y좌표13":399.738,"Y좌표12":386.747,"X좌표2":343.137,"X좌표3":355.128,"X좌표1":328.147,"X좌표6":436.072,"X좌표7":461.055,"X좌표4":381.11,"X좌표5":410.09}],"원피스":[{}],"상의":[{}]},"라벨링":{"스타일":[{"스타일":"매니시","서브스타일":"젠더리스"}],"아우터":[{"기장":"하프","색상":"브라운","카테고리":"재킷","옷깃":"테일러드칼라","디테일":["단추","포켓","싱글브레스티드"],"소매기장":"긴팔","소재":["린넨"],"프린트":["카무플라쥬"],"핏":"노멀"}],"하의":[{"기장":"발목","색상":"화이트","카테고리":"팬츠","소재":["우븐"],"프린트":["카무플라쥬"],"핏":"노멀"}],"원피스":[{}],"상의":[{"카테고리":"티셔츠","소재":["린넨"],"프린트":["카무플라쥬"],"넥라인":"유넥"}]}},"파일 번호":465,"파일 이름":"THEBLUE_017_10.jpg"}}