{"이미지 정보":{"이미지 식별자":283,"이미지 높이":800,"이미지 파일명":"Thenew_023_00_HS_안나OPS.jpg","이미지 너비":800},"데이터셋 정보":{"파일 생성일자":"2020-08-03 01:53:46","데이터셋 상세설명":{"렉트좌표":{"아우터":[{}],"하의":[{}],"원피스":[{"X좌표":325.503,"Y좌표":4.50261,"가로":364,"세로":783}],"상의":[{}]},"폴리곤좌표":{"아우터":[{}],"하의":[{}],"원피스":[{"X좌표39":423.003,"X좌표38":445.003,"X좌표37":445.003,"X좌표36":456.003,"X좌표35":480.003,"X좌표34":478.003,"X좌표33":485.003,"X좌표32":483.003,"X좌표31":501.003,"X좌표30":515.003,"X좌표49":349.003,"X좌표48":331.003,"X좌표47":335.003,"X좌표46":331.003,"X좌표45":326.003,"X좌표44":343.003,"X좌표43":344.003,"X좌표42":346.003,"X좌표41":373.003,"X좌표40":388.003,"Y좌표26":787.003,"Y좌표25":776.003,"Y좌표28":786.003,"Y좌표27":789.003,"Y좌표22":735.003,"Y좌표21":691.003,"Y좌표24":761.003,"Y좌표23":748.003,"Y좌표20":501.003,"X좌표59":388.003,"X좌표58":366.003,"X좌표57":350.003,"X좌표56":343.003,"X좌표55":344.003,"X좌표54":343.003,"X좌표53":339.003,"X좌표52":393.003,"X좌표51":396.003,"X좌표50":374.003,"Y좌표29":776.003,"Y좌표15":388.003,"Y좌표14":376.003,"Y좌표17":474.003,"Y좌표16":428.003,"Y좌표11":277.003,"Y좌표10":263.003,"Y좌표13":341.003,"Y좌표12":274.003,"X좌표64":465.003,"X좌표63":445.003,"X좌표62":440.003,"Y좌표19":501.003,"X좌표61":431.003,"Y좌표18":497.003,"X좌표60":416.003,"Y좌표48":464.003,"Y좌표47":480.003,"Y좌표49":448.003,"Y좌표44":536.003,"Y좌표43":610.003,"Y좌표46":494.003,"Y좌표45":517.003,"Y좌표40":756.003,"Y좌표42":738.003,"Y좌표41":743.003,"Y좌표37":759.003,"Y좌표36":785.003,"X좌표8":662.003,"Y좌표39":751.003,"X좌표9":638.003,"Y좌표38":747.003,"Y좌표33":744.003,"Y좌표32":774.003,"Y좌표35":754.003,"Y좌표34":743.003,"Y좌표31":773.003,"Y좌표30":776.003,"X좌표2":494.003,"X좌표3":516.003,"X좌표1":466.003,"X좌표6":601.003,"X좌표7":613.003,"X좌표4":531.003,"X좌표5":536.003,"Y좌표9":250.003,"Y좌표62":49.0026,"Y좌표61":16.0026,"Y좌표64":90.0026,"Y좌표63":63.0026,"Y좌표60":15.0026,"X좌표19":619.003,"X좌표18":605.003,"X좌표17":601.003,"X좌표16":601.003,"X좌표15":603.003,"X좌표14":616.003,"X좌표13":597.003,"X좌표12":573.003,"X좌표11":606.003,"Y좌표4":16.0026,"X좌표10":641.003,"Y좌표3":42.0026,"Y좌표2":70.0026,"Y좌표1":89.0026,"Y좌표8":236.003,"Y좌표7":33.0026,"Y좌표6":26.0026,"Y좌표5":5.00261,"Y좌표59":27.0026,"Y좌표58":37.0026,"Y좌표55":173.003,"Y좌표54":232.003,"Y좌표57":58.0026,"Y좌표56":111.003,"Y좌표51":263.003,"Y좌표50":324.003,"Y좌표53":256.003,"Y좌표52":256.003,"X좌표29":537.003,"X좌표28":546.003,"X좌표27":568.003,"X좌표26":601.003,"X좌표25":638.003,"X좌표24":665.003,"X좌표23":663.003,"X좌표22":691.003,"X좌표21":675.003,"X좌표20":626.003}],"상의":[{}]},"라벨링":{"스타일":[{"스타일":"레트로","서브스타일":"페미닌"}],"아우터":[{}],"하의":[{}],"원피스":[{"기장":"미디","색상":"베이지","서브색상":"블랙","카테고리":"드레스","디테일":["프릴","페플럼"],"소매기장":"반팔","소재":["시폰"],"프린트":["호피"],"넥라인":"브이넥","핏":"노멀"}],"상의":[{}]}},"파일 번호":283,"파일 이름":"Thenew_023_00_HS_안나OPS.jpg"}}