{"이미지 정보":{"이미지 식별자":287,"이미지 높이":800,"이미지 파일명":"Thenew_025_00_DE_입생OPS.jpg","이미지 너비":800},"데이터셋 정보":{"파일 생성일자":"2020-08-03 01:53:48","데이터셋 상세설명":{"렉트좌표":{"아우터":[{}],"하의":[{}],"원피스":[{"X좌표":240.503,"Y좌표":3.50261,"가로":462,"세로":741}],"상의":[{}]},"폴리곤좌표":{"아우터":[{}],"하의":[{}],"원피스":[{"X좌표39":280.003,"X좌표38":273.003,"X좌표37":271.003,"X좌표36":271.003,"X좌표35":291.003,"X좌표34":310.003,"X좌표33":329.003,"X좌표32":329.003,"X좌표31":375.003,"X좌표30":381.003,"X좌표49":426.003,"X좌표48":351.003,"X좌표47":264.003,"X좌표46":244.003,"X좌표45":241.003,"X좌표44":248.003,"X좌표43":258.003,"X좌표42":267.003,"X좌표41":281.003,"X좌표40":280.003,"Y좌표26":684.003,"Y좌표25":676.003,"Y좌표28":708.003,"Y좌표27":695.003,"Y좌표22":698.003,"Y좌표21":696.003,"Y좌표24":676.003,"Y좌표23":691.003,"Y좌표20":704.003,"Y좌표29":725.003,"Y좌표15":550.003,"Y좌표14":524.003,"Y좌표17":640.003,"Y좌표16":609.003,"Y좌표11":417.003,"Y좌표10":342.003,"Y좌표13":501.003,"Y좌표12":475.003,"Y좌표19":702.003,"Y좌표18":692.003,"Y좌표48":31.0026,"Y좌표47":67.0026,"Y좌표49":131.003,"Y좌표44":176.003,"Y좌표43":268.003,"Y좌표46":87.0026,"Y좌표45":114.003,"Y좌표40":484.003,"Y좌표42":350.003,"Y좌표41":429.003,"Y좌표37":575.003,"Y좌표36":575.003,"X좌표8":647.003,"Y좌표39":545.003,"X좌표9":632.003,"Y좌표38":559.003,"Y좌표33":583.003,"Y좌표32":744.003,"Y좌표35":590.003,"Y좌표34":591.003,"Y좌표31":735.003,"Y좌표30":746.003,"X좌표2":460.003,"X좌표3":499.003,"X좌표1":426.003,"X좌표6":629.003,"X좌표7":650.003,"X좌표4":575.003,"X좌표5":593.003,"Y좌표9":324.003,"X좌표19":666.003,"X좌표18":704.003,"X좌표17":681.003,"X좌표16":661.003,"X좌표15":647.003,"X좌표14":664.003,"X좌표13":647.003,"X좌표12":664.003,"X좌표11":620.003,"Y좌표4":23.0026,"X좌표10":584.003,"Y좌표3":4.00261,"Y좌표2":57.0026,"Y좌표1":135.003,"Y좌표8":308.003,"Y좌표7":283.003,"Y좌표6":165.003,"Y좌표5":46.0026,"X좌표29":454.003,"X좌표28":457.003,"X좌표27":476.003,"X좌표26":501.003,"X좌표25":526.003,"X좌표24":548.003,"X좌표23":561.003,"X좌표22":572.003,"X좌표21":623.003,"X좌표20":644.003}],"상의":[{}]},"라벨링":{"스타일":[{"스타일":"레트로","서브스타일":"섹시"}],"아우터":[{}],"하의":[{}],"원피스":[{"기장":"미니","색상":"블랙","서브색상":"화이트","카테고리":"드레스","디테일":["러플","비대칭","페플럼"],"소매기장":"긴팔","소재":["시폰"],"프린트":["그래픽"],"넥라인":"브이넥","핏":"노멀"}],"상의":[{}]}},"파일 번호":287,"파일 이름":"Thenew_025_00_DE_입생OPS.jpg"}}