{"이미지 정보":{"이미지 식별자":288,"이미지 높이":800,"이미지 파일명":"Thenew_025_01.jpg","이미지 너비":800},"데이터셋 정보":{"파일 생성일자":"2020-08-03 01:53:48","데이터셋 상세설명":{"렉트좌표":{"아우터":[{}],"하의":[{}],"원피스":[{"X좌표":96.5026,"Y좌표":4.50261,"가로":464,"세로":739}],"상의":[{}]},"폴리곤좌표":{"아우터":[{}],"하의":[{}],"원피스":[{"Y좌표48":138.003,"Y좌표47":86.0026,"Y좌표44":5.00261,"Y좌표43":12.0026,"Y좌표46":62.0026,"Y좌표45":29.0026,"Y좌표40":99.0026,"Y좌표42":21.0026,"Y좌표41":51.0026,"X좌표39":496.003,"X좌표38":509.003,"X좌표37":506.003,"X좌표36":488.003,"X좌표35":439.003,"X좌표34":457.003,"X좌표33":482.003,"X좌표32":518.003,"X좌표31":506.003,"X좌표30":516.003,"Y좌표37":308.003,"Y좌표36":324.003,"X좌표8":136.003,"Y좌표39":206.003,"X좌표9":140.003,"Y좌표38":285.003,"Y좌표33":423.003,"Y좌표32":473.003,"Y좌표35":341.003,"Y좌표34":379.003,"Y좌표31":500.003,"Y좌표30":520.003,"X좌표48":286.003,"X좌표47":308.003,"X좌표46":318.003,"X좌표45":343.003,"X좌표44":356.003,"X좌표2":202.003,"X좌표43":394.003,"X좌표3":104.003,"X좌표42":433.003,"X좌표41":452.003,"X좌표1":284.003,"X좌표40":467.003,"X좌표6":128.003,"X좌표7":128.003,"X좌표4":97.0026,"X좌표5":124.003,"Y좌표26":707.003,"Y좌표25":698.003,"Y좌표28":606.003,"Y좌표9":478.003,"Y좌표27":688.003,"Y좌표22":679.003,"Y좌표21":692.003,"Y좌표24":692.003,"Y좌표23":679.003,"Y좌표20":696.003,"X좌표19":311.003,"X좌표18":244.003,"X좌표17":236.003,"X좌표16":216.003,"X좌표15":188.003,"X좌표14":191.003,"X좌표13":192.003,"X좌표12":185.003,"X좌표11":153.003,"Y좌표4":109.003,"X좌표10":127.003,"Y좌표3":86.0026,"Y좌표2":27.0026,"Y좌표1":135.003,"Y좌표8":428.003,"Y좌표7":355.003,"Y좌표29":544.003,"Y좌표6":355.003,"Y좌표5":315.003,"Y좌표15":735.003,"Y좌표14":622.003,"Y좌표17":731.003,"Y좌표16":741.003,"Y좌표11":589.003,"Y좌표10":573.003,"Y좌표13":586.003,"Y좌표12":584.003,"X좌표29":507.003,"X좌표28":518.003,"X좌표27":562.003,"X좌표26":513.003,"X좌표25":495.003,"X좌표24":413.003,"X좌표23":412.003,"X좌표22":381.003,"X좌표21":355.003,"X좌표20":330.003,"Y좌표19":727.003,"Y좌표18":745.003}],"상의":[{}]},"라벨링":{"스타일":[{"스타일":"레트로","서브스타일":"섹시"}],"아우터":[{}],"하의":[{}],"원피스":[{"기장":"미니","색상":"블랙","서브색상":"화이트","카테고리":"드레스","디테일":["러플","비대칭","페플럼"],"소매기장":"긴팔","소재":["시폰"],"프린트":["그래픽"],"넥라인":"브이넥","핏":"노멀"}],"상의":[{}]}},"파일 번호":288,"파일 이름":"Thenew_025_01.jpg"}}