{"이미지 정보":{"이미지 식별자":303,"이미지 높이":800,"이미지 파일명":"Thenew_033_00_ES_아라OPS.jpg","이미지 너비":800},"데이터셋 정보":{"파일 생성일자":"2020-08-03 01:53:54","데이터셋 상세설명":{"렉트좌표":{"아우터":[{}],"하의":[{}],"원피스":[{"X좌표":264.503,"Y좌표":-0.497391,"가로":425,"세로":797}],"상의":[{}]},"폴리곤좌표":{"아우터":[{}],"하의":[{}],"원피스":[{"X좌표39":632.003,"X좌표38":617.003,"X좌표37":585.003,"X좌표36":582.003,"X좌표35":544.003,"X좌표34":536.003,"X좌표33":526.003,"X좌표32":526.003,"X좌표31":486.003,"X좌표30":476.003,"X좌표49":551.003,"X좌표48":542.003,"X좌표47":536.003,"X좌표46":551.003,"X좌표45":569.003,"X좌표44":599.003,"X좌표43":617.003,"X좌표42":631.003,"X좌표41":650.003,"X좌표40":661.003,"Y좌표26":796.003,"Y좌표25":793.003,"Y좌표28":775.003,"Y좌표27":786.003,"Y좌표22":756.003,"Y좌표21":708.003,"Y좌표24":773.003,"Y좌표23":764.003,"Y좌표20":670.003,"X좌표59":679.003,"X좌표58":691.003,"X좌표57":688.003,"X좌표56":657.003,"X좌표55":632.003,"X좌표54":624.003,"X좌표53":621.003,"X좌표52":606.003,"X좌표51":587.003,"X좌표50":570.003,"Y좌표29":774.003,"Y좌표15":404.003,"Y좌표14":404.003,"Y좌표17":531.003,"Y좌표16":458.003,"Y좌표11":366.003,"Y좌표10":333.003,"Y좌표13":395.003,"Y좌표12":382.003,"X좌표69":401.003,"X좌표68":412.003,"X좌표67":428.003,"X좌표66":445.003,"X좌표65":489.003,"X좌표64":553.003,"X좌표63":599.003,"X좌표62":606.003,"Y좌표19":617.003,"X좌표61":618.003,"Y좌표18":575.003,"X좌표60":664.003,"Y좌표48":236.003,"Y좌표47":271.003,"Y좌표49":235.003,"Y좌표44":495.003,"Y좌표43":587.003,"Y좌표46":325.003,"Y좌표45":376.003,"Y좌표40":780.003,"Y좌표42":640.003,"Y좌표41":713.003,"Y좌표37":784.003,"Y좌표36":794.003,"X좌표8":288.003,"Y좌표39":787.003,"X좌표9":299.003,"Y좌표38":781.003,"Y좌표33":784.003,"Y좌표32":798.003,"Y좌표35":795.003,"Y좌표34":780.003,"Y좌표31":798.003,"Y좌표30":785.003,"X좌표2":340.003,"X좌표3":312.003,"X좌표1":396.003,"X좌표6":308.003,"X좌표7":307.003,"X좌표4":310.003,"X좌표5":312.003,"Y좌표69":0.00260925,"Y좌표9":313.003,"Y좌표66":0.00260925,"Y좌표65":1.00261,"Y좌표68":7.00261,"Y좌표67":6.00261,"Y좌표62":37.0026,"Y좌표61":57.0026,"Y좌표64":1.00261,"Y좌표63":8.00261,"Y좌표60":144.003,"X좌표19":298.003,"X좌표18":309.003,"X좌표17":311.003,"X좌표16":316.003,"X좌표15":324.003,"X좌표14":306.003,"X좌표13":281.003,"X좌표12":273.003,"X좌표11":276.003,"Y좌표4":132.003,"X좌표10":298.003,"Y좌표3":53.0026,"Y좌표2":36.0026,"Y좌표1":1.00261,"Y좌표8":299.003,"Y좌표7":279.003,"Y좌표6":250.003,"Y좌표5":236.003,"Y좌표59":150.003,"Y좌표58":186.003,"Y좌표55":236.003,"Y좌표54":242.003,"Y좌표57":206.003,"Y좌표56":234.003,"Y좌표51":285.003,"Y좌표50":264.003,"Y좌표53":255.003,"Y좌표52":286.003,"X좌표29":461.003,"X좌표28":436.003,"X좌표27":404.003,"X좌표26":377.003,"X좌표25":351.003,"X좌표24":316.003,"X좌표23":276.003,"X좌표22":265.003,"X좌표21":283.003,"X좌표20":294.003}],"상의":[{}]},"라벨링":{"스타일":[{"스타일":"레트로","서브스타일":"히피"}],"아우터":[{}],"하의":[{}],"원피스":[{"기장":"미디","색상":"화이트","서브색상":"그린","카테고리":"드레스","옷깃":"밴드칼라","디테일":["페플럼","셔링","컷아웃"],"소매기장":"긴팔","소재":["시폰"],"프린트":["플로럴"],"핏":"노멀"}],"상의":[{}]}},"파일 번호":303,"파일 이름":"Thenew_033_00_ES_아라OPS.jpg"}}