{"이미지 정보":{"이미지 식별자":313,"이미지 높이":800,"이미지 파일명":"Thenew_038_00_KJ_미떼OPS.jpg","이미지 너비":800},"데이터셋 정보":{"파일 생성일자":"2020-08-03 01:53:57","데이터셋 상세설명":{"렉트좌표":{"아우터":[{}],"하의":[{}],"원피스":[{"X좌표":281.503,"Y좌표":1.50261,"가로":327,"세로":615}],"상의":[{}]},"폴리곤좌표":{"아우터":[{}],"하의":[{}],"원피스":[{"X좌표39":366.003,"X좌표38":392.003,"X좌표37":387.003,"X좌표36":373.003,"X좌표35":361.003,"X좌표34":353.003,"X좌표33":385.003,"X좌표32":418.003,"X좌표31":450.003,"X좌표30":471.003,"X좌표49":326.003,"X좌표48":313.003,"X좌표47":301.003,"X좌표46":288.003,"X좌표45":282.003,"X좌표44":282.003,"X좌표43":321.003,"X좌표42":321.003,"X좌표41":332.003,"X좌표40":345.003,"Y좌표26":618.003,"Y좌표25":601.003,"Y좌표28":588.003,"Y좌표27":604.003,"Y좌표22":611.003,"Y좌표21":487.003,"Y좌표24":610.003,"Y좌표23":616.003,"Y좌표20":423.003,"X좌표56":431.003,"X좌표55":413.003,"X좌표54":394.003,"X좌표53":368.003,"X좌표52":358.003,"X좌표51":349.003,"X좌표50":341.003,"Y좌표29":591.003,"Y좌표15":340.003,"Y좌표14":340.003,"Y좌표17":361.003,"Y좌표16":348.003,"Y좌표11":284.003,"Y좌표10":270.003,"Y좌표13":336.003,"Y좌표12":343.003,"Y좌표19":381.003,"Y좌표18":377.003,"Y좌표48":108.003,"Y좌표47":119.003,"Y좌표49":126.003,"Y좌표44":162.003,"Y좌표43":179.003,"Y좌표46":135.003,"Y좌표45":147.003,"Y좌표40":227.003,"Y좌표42":196.003,"Y좌표41":215.003,"Y좌표37":241.003,"Y좌표36":344.003,"X좌표8":579.003,"Y좌표39":229.003,"X좌표9":591.003,"Y좌표38":218.003,"Y좌표33":597.003,"Y좌표32":595.003,"Y좌표35":473.003,"Y좌표34":597.003,"Y좌표31":586.003,"Y좌표30":584.003,"X좌표2":451.003,"X좌표3":472.003,"X좌표1":433.003,"X좌표6":540.003,"X좌표7":553.003,"X좌표4":487.003,"X좌표5":500.003,"Y좌표9":241.003,"X좌표19":569.003,"X좌표18":559.003,"X좌표17":559.003,"X좌표16":561.003,"X좌표15":564.003,"X좌표14":564.003,"X좌표13":580.003,"X좌표12":594.003,"X좌표11":587.003,"Y좌표4":2.00261,"X좌표10":593.003,"Y좌표3":13.0026,"Y좌표2":26.0026,"Y좌표1":29.0026,"Y좌표8":126.003,"Y좌표7":24.0026,"Y좌표6":11.0026,"Y좌표5":4.00261,"Y좌표55":18.0026,"Y좌표54":26.0026,"Y좌표56":27.0026,"Y좌표51":92.0026,"Y좌표50":141.003,"Y좌표53":34.0026,"Y좌표52":45.0026,"X좌표29":495.003,"X좌표28":514.003,"X좌표27":536.003,"X좌표26":562.003,"X좌표25":562.003,"X좌표24":591.003,"X좌표23":599.003,"X좌표22":610.003,"X좌표21":592.003,"X좌표20":581.003}],"상의":[{}]},"라벨링":{"스타일":[{"스타일":"레트로","서브스타일":"로맨틱"}],"아우터":[{}],"하의":[{}],"원피스":[{"기장":"미디","색상":"베이지","서브색상":"와인","카테고리":"드레스","디테일":["띠","리본","플레어","퍼프"],"소매기장":"긴팔","소재":["시폰"],"프린트":["그래픽"],"넥라인":"라운드넥","핏":"노멀"}],"상의":[{}]}},"파일 번호":313,"파일 이름":"Thenew_038_00_KJ_미떼OPS.jpg"}}