{"이미지 정보":{"이미지 식별자":148,"이미지 높이":800,"이미지 파일명":"Amaker_025_00_HS_프린세스패딩.jpg","이미지 너비":800},"데이터셋 정보":{"파일 생성일자":"2020-08-03 01:53:03","데이터셋 상세설명":{"렉트좌표":{"아우터":[{"X좌표":233.143,"Y좌표":-0.460937,"가로":456,"세로":780}],"하의":[{}],"원피스":[{}],"상의":[{}]},"폴리곤좌표":{"아우터":[{"Y좌표87":86.0399,"Y좌표84":74.0398,"Y좌표83":51.0396,"Y좌표86":93.04,"Y좌표85":89.0399,"Y좌표80":12.0392,"Y좌표82":32.0394,"Y좌표81":17.0392,"X좌표39":580.646,"X좌표38":565.646,"X좌표37":547.646,"X좌표36":521.646,"X좌표35":487.645,"X좌표34":458.645,"X좌표33":397.645,"X좌표32":386.644,"X좌표31":350.644,"X좌표30":313.644,"Y좌표77":47.0395,"Y좌표76":96.04,"Y좌표79":6.03912,"Y좌표78":14.0392,"Y좌표73":306.042,"Y좌표72":434.043,"Y좌표75":120.04,"Y좌표74":188.041,"Y좌표71":518.044,"Y좌표70":600.045,"X좌표49":689.647,"X좌표48":685.647,"X좌표47":674.647,"X좌표46":668.647,"X좌표45":659.647,"X좌표44":659.647,"X좌표43":646.647,"X좌표42":631.647,"X좌표41":622.647,"X좌표40":592.646,"Y좌표26":261.042,"Y좌표25":291.042,"Y좌표28":171.041,"Y좌표27":216.041,"Y좌표22":386.043,"Y좌표21":435.043,"Y좌표24":354.043,"Y좌표23":375.043,"Y좌표20":525.044,"X좌표59":670.647,"X좌표58":667.647,"X좌표57":667.647,"X좌표56":662.647,"X좌표55":662.647,"X좌표54":658.647,"X좌표53":677.647,"X좌표52":674.647,"X좌표51":676.647,"X좌표50":685.647,"Y좌표29":140.04,"Y좌표15":755.046,"Y좌표14":701.046,"Y좌표17":749.046,"Y좌표16":770.047,"Y좌표11":480.044,"Y좌표10":464.044,"Y좌표13":600.045,"Y좌표12":522.044,"X좌표69":595.646,"X좌표68":580.646,"X좌표67":581.646,"X좌표66":586.646,"X좌표65":625.647,"X좌표64":646.647,"X좌표63":659.647,"X좌표62":674.647,"Y좌표19":627.045,"X좌표61":677.647,"Y좌표18":732.046,"X좌표60":689.647,"Y좌표48":438.043,"Y좌표47":413.043,"Y좌표49":458.044,"Y좌표44":234.041,"Y좌표43":185.041,"Y좌표46":347.042,"Y좌표45":291.042,"Y좌표40":77.0398,"Y좌표42":132.04,"Y좌표41":119.04,"X좌표79":481.645,"X좌표78":503.646,"X좌표77":524.646,"X좌표76":518.646,"X좌표75":514.646,"X좌표74":544.646,"X좌표73":574.646,"X좌표72":587.646,"X좌표71":598.646,"X좌표70":599.646,"Y좌표37":14.0392,"Y좌표36":2.03908,"X좌표8":421.645,"Y좌표39":69.0397,"X좌표9":410.645,"Y좌표38":27.0393,"Y좌표33":33.0394,"Y좌표32":56.0396,"Y좌표35":5.03911,"Y좌표34":0.0390629,"Y좌표31":63.0397,"Y좌표30":86.0399,"X좌표2":505.646,"X좌표87":490.645,"X좌표3":503.646,"X좌표86":484.645,"X좌표85":473.645,"X좌표1":491.645,"X좌표84":467.645,"X좌표6":467.645,"X좌표83":452.645,"X좌표7":434.645,"X좌표82":448.645,"X좌표4":491.645,"X좌표81":451.645,"X좌표5":479.645,"X좌표80":460.645,"Y좌표69":638.045,"Y좌표9":455.044,"Y좌표66":738.046,"Y좌표65":749.046,"Y좌표68":696.046,"Y좌표67":737.046,"Y좌표62":780.047,"Y좌표61":777.047,"Y좌표64":771.047,"Y좌표63":780.047,"Y좌표60":753.046,"X좌표19":257.643,"X좌표18":233.643,"X좌표17":305.644,"X좌표16":415.645,"X좌표15":416.645,"X좌표14":425.645,"X좌표13":425.645,"X좌표12":431.645,"X좌표11":416.645,"Y좌표4":237.041,"X좌표10":415.645,"Y좌표3":177.041,"Y좌표2":111.04,"Y좌표1":86.0399,"Y좌표8":432.043,"Y좌표7":402.043,"Y좌표6":335.042,"Y좌표5":290.042,"Y좌표59":693.046,"Y좌표58":657.045,"Y좌표55":566.045,"Y좌표54":539.044,"Y좌표57":627.045,"Y좌표56":596.045,"Y좌표51":473.044,"Y좌표50":461.044,"Y좌표53":522.044,"Y좌표52":488.044,"X좌표29":302.644,"X좌표28":299.644,"X좌표27":283.643,"X좌표26":269.643,"X좌표25":275.643,"X좌표24":305.644,"X좌표23":313.644,"X좌표22":316.644,"X좌표21":295.644,"X좌표20":275.643}],"하의":[{}],"원피스":[{}],"상의":[{}]},"라벨링":{"스타일":[{"스타일":"밀리터리"}],"아우터":[{"기장":"롱","색상":"카키","카테고리":"패딩","옷깃":"셔츠칼라","디테일":["싱글브레스티드"],"소매기장":"긴팔","소재":["비닐\/PVC","패딩"],"프린트":["무지"],"핏":"루즈"}],"하의":[{}],"원피스":[{}],"상의":[{}]}},"파일 번호":148,"파일 이름":"Amaker_025_00_HS_프린세스패딩.jpg"}}