{"이미지 정보":{"이미지 식별자":149,"이미지 높이":800,"이미지 파일명":"Amaker_025_01.jpg","이미지 너비":800},"데이터셋 정보":{"파일 생성일자":"2020-08-03 01:53:03","데이터셋 상세설명":{"렉트좌표":{"아우터":[{"X좌표":178.142,"Y좌표":8.53915,"가로":439,"세로":749}],"하의":[{}],"원피스":[{}],"상의":[{}]},"폴리곤좌표":{"아우터":[{"X좌표39":590.646,"X좌표38":595.646,"X좌표37":601.646,"X좌표36":616.647,"X좌표35":617.647,"X좌표34":608.647,"X좌표33":608.647,"X좌표32":595.646,"X좌표31":586.646,"X좌표30":560.646,"X좌표49":508.646,"X좌표48":508.646,"X좌표47":517.646,"X좌표46":535.646,"X좌표45":511.646,"X좌표44":535.646,"X좌표43":566.646,"X좌표42":604.647,"X좌표41":605.647,"X좌표40":596.646,"Y좌표26":14.0392,"Y좌표25":11.0392,"Y좌표28":44.0395,"Y좌표27":17.0392,"Y좌표22":42.0395,"Y좌표21":71.0398,"Y좌표24":9.03915,"Y좌표23":12.0392,"Y좌표20":93.04,"X좌표59":395.645,"X좌표58":374.644,"X좌표57":388.644,"X좌표56":409.645,"X좌표55":430.645,"X좌표54":443.645,"X좌표53":451.645,"X좌표52":454.645,"X좌표51":466.645,"X좌표50":487.645,"Y좌표29":80.0398,"Y좌표15":317.042,"Y좌표14":369.043,"Y좌표17":210.041,"Y좌표16":261.042,"Y좌표11":708.046,"Y좌표10":755.046,"Y좌표13":392.043,"Y좌표12":464.044,"X좌표63":427.645,"X좌표62":427.645,"Y좌표19":125.04,"X좌표61":412.645,"Y좌표18":155.041,"X좌표60":407.645,"Y좌표48":342.042,"Y좌표47":414.043,"Y좌표49":269.042,"Y좌표44":723.046,"Y좌표43":741.046,"Y좌표46":489.044,"Y좌표45":716.046,"Y좌표40":579.045,"Y좌표42":758.046,"Y좌표41":654.045,"Y좌표37":459.044,"Y좌표36":459.044,"X좌표8":364.644,"Y좌표39":464.044,"X좌표9":362.644,"Y좌표38":464.044,"Y좌표33":372.043,"Y좌표32":327.042,"Y좌표35":450.043,"Y좌표34":419.043,"Y좌표31":275.042,"Y좌표30":119.04,"X좌표2":442.645,"X좌표3":425.645,"X좌표1":430.645,"X좌표6":361.644,"X좌표7":362.644,"X좌표4":398.645,"X좌표5":377.644,"Y좌표9":704.046,"Y좌표62":96.04,"Y좌표61":93.04,"Y좌표63":105.04,"Y좌표60":84.0399,"X좌표19":235.643,"X좌표18":235.643,"X좌표17":217.643,"X좌표16":208.643,"X좌표15":224.643,"X좌표14":257.643,"X좌표13":253.643,"X좌표12":223.643,"X좌표11":178.642,"Y좌표4":315.042,"X좌표10":358.644,"Y좌표3":234.041,"Y좌표2":146.04,"Y좌표1":101.04,"Y좌표8":617.045,"Y좌표7":495.044,"Y좌표6":450.043,"Y좌표5":387.043,"Y좌표59":48.0395,"Y좌표58":27.0393,"Y좌표55":35.0394,"Y좌표54":39.0394,"Y좌표57":26.0393,"Y좌표56":29.0393,"Y좌표51":137.04,"Y좌표50":200.041,"Y좌표53":57.0396,"Y좌표52":77.0398,"X좌표29":542.646,"X좌표28":502.646,"X좌표27":461.645,"X좌표26":439.645,"X좌표25":392.644,"X좌표24":367.644,"X좌표23":329.644,"X좌표22":299.644,"X좌표21":274.643,"X좌표20":248.643}],"하의":[{}],"원피스":[{}],"상의":[{}]},"라벨링":{"스타일":[{"스타일":"밀리터리"}],"아우터":[{"기장":"롱","색상":"카키","카테고리":"패딩","옷깃":"셔츠칼라","디테일":["싱글브레스티드"],"소매기장":"긴팔","소재":["비닐\/PVC","패딩"],"프린트":["무지"],"핏":"루즈"}],"하의":[{}],"원피스":[{}],"상의":[{}]}},"파일 번호":149,"파일 이름":"Amaker_025_01.jpg"}}