{"이미지 정보":{"이미지 식별자":3400,"이미지 높이":800,"이미지 파일명":"Amaker_008_00_ES_지컷점퍼.jpg","이미지 너비":800},"데이터셋 정보":{"파일 생성일자":"2020-08-04 05:47:08","데이터셋 상세설명":{"렉트좌표":{"아우터":[{"X좌표":217.478,"Y좌표":-1.49168,"가로":542,"세로":741}],"하의":[{}],"원피스":[{}],"상의":[{"X좌표":388.241,"Y좌표":29.4653,"가로":198,"세로":503}]},"폴리곤좌표":{"아우터":[{"X좌표30":407.714,"X좌표8":697.311,"X좌표9":632.402,"Y좌표30":2.00416,"X좌표2":539.531,"X좌표3":637.395,"X좌표1":525.55,"X좌표6":705.3,"X좌표7":739.253,"X좌표4":689.323,"X좌표5":760.224,"Y좌표26":740.976,"Y좌표25":716.011,"Y좌표28":218.703,"Y좌표9":709.021,"Y좌표27":576.206,"Y좌표22":356.511,"Y좌표21":80.8944,"Y좌표24":656.094,"Y좌표23":661.087,"Y좌표20":39.9514,"X좌표19":392.735,"X좌표18":405.717,"X좌표17":504.579,"X좌표16":525.55,"X좌표15":501.584,"X좌표14":524.552,"X좌표13":498.588,"X좌표12":538.532,"X좌표11":589.461,"Y좌표4":130.825,"X좌표10":621.417,"Y좌표3":38.9528,"Y좌표2":17.9819,"Y좌표1":4.00138,"Y좌표8":663.085,"Y좌표7":612.156,"Y좌표29":70.9083,"Y좌표6":452.378,"Y좌표5":302.586,"Y좌표15":-0.991678,"Y좌표14":69.9097,"Y좌표17":1.00554,"Y좌표16":6.99721,"Y좌표11":566.219,"Y좌표10":709.021,"Y좌표13":158.786,"Y좌표12":282.614,"X좌표29":417.7,"X좌표28":465.634,"X좌표27":462.638,"X좌표26":445.661,"X좌표25":281.889,"X좌표24":284.885,"X좌표23":217.978,"X좌표22":224.968,"X좌표21":264.913,"X좌표20":369.767,"Y좌표19":2.00416,"Y좌표18":3.00277}],"하의":[{}],"원피스":[{}],"상의":[{"X좌표8":537.534,"X좌표9":523.553,"Y좌표9":29.9653,"Y좌표11":51.9347,"Y좌표10":71.9069,"X좌표11":388.741,"X좌표2":403.72,"Y좌표4":533.265,"X좌표10":459.642,"X좌표3":443.664,"Y좌표3":231.685,"Y좌표2":141.81,"X좌표1":395.731,"Y좌표1":51.9347,"X좌표6":562.499,"Y좌표8":87.8847,"X좌표7":522.554,"Y좌표7":177.76,"X좌표4":431.681,"Y좌표6":396.456,"X좌표5":587.464,"Y좌표5":531.268}]},"라벨링":{"스타일":[{"스타일":"밀리터리"}],"아우터":[{"기장":"하프","색상":"브라운","카테고리":"재킷","옷깃":"차이나칼라","디테일":["포켓"],"소매기장":"긴팔","소재":["우븐"],"프린트":["무지"],"핏":"노멀"}],"하의":[{}],"원피스":[{}],"상의":[{"색상":"블랙","카테고리":"니트웨어","소매기장":"없음","소재":["니트"],"프린트":["무지"],"넥라인":"라운드넥","핏":"타이트"}]}},"파일 번호":3400,"파일 이름":"Amaker_008_00_ES_지컷점퍼.jpg"}}