{"이미지 정보":{"이미지 식별자":3401,"이미지 높이":800,"이미지 파일명":"Amaker_008_01.jpg","이미지 너비":800},"데이터셋 정보":{"파일 생성일자":"2020-08-04 05:47:08","데이터셋 상세설명":{"렉트좌표":{"아우터":[{"X좌표":144.579,"Y좌표":-1.49168,"가로":537,"세로":745}],"하의":[{}],"원피스":[{}],"상의":[{"X좌표":321.334,"Y좌표":30.4639,"가로":218,"세로":518}]},"폴리곤좌표":{"아우터":[{"X좌표8":628.407,"X좌표9":544.524,"X좌표2":474.621,"X좌표3":568.491,"X좌표1":453.65,"X좌표6":628.407,"X좌표7":667.353,"X좌표4":635.397,"X좌표5":682.332,"Y좌표26":519.285,"Y좌표25":744.971,"Y좌표28":78.8972,"Y좌표9":719.007,"Y좌표27":240.672,"Y좌표22":648.106,"Y좌표21":435.401,"Y좌표24":718.008,"Y좌표23":660.089,"Y좌표20":183.751,"X좌표19":199.004,"X좌표18":300.863,"X좌표17":320.835,"X좌표16":429.684,"X좌표15":457.645,"X좌표14":427.686,"X좌표13":440.668,"X좌표12":423.692,"X좌표11":455.647,"Y좌표4":160.783,"X좌표10":514.566,"Y좌표3":37.9542,"Y좌표2":18.9805,"Y좌표1":1.00554,"Y좌표8":666.081,"Y좌표7":605.165,"Y좌표29":3.00277,"Y좌표6":465.36,"Y좌표5":327.551,"Y좌표15":6.99721,"Y좌표14":1.00554,"Y좌표17":-0.991678,"Y좌표16":1.00554,"Y좌표11":256.65,"Y좌표10":569.215,"Y좌표13":66.9139,"Y좌표12":153.793,"X좌표29":328.824,"X좌표28":341.806,"X좌표27":397.728,"X좌표26":384.746,"X좌표25":377.756,"X좌표24":231.959,"X좌표23":222.971,"X좌표22":145.079,"X좌표21":148.075,"X좌표20":170.045,"Y좌표19":82.8917,"Y좌표18":28.9667}],"하의":[{}],"원피스":[{}],"상의":[{"X좌표8":463.636,"X좌표9":450.654,"Y좌표9":30.9639,"Y좌표11":45.943,"Y좌표10":85.8875,"X좌표11":327.825,"X좌표2":321.834,"Y좌표4":549.243,"X좌표10":371.764,"X좌표3":362.777,"Y좌표3":221.699,"Y좌표2":129.826,"X좌표1":321.834,"Y좌표1":43.9458,"X좌표6":482.61,"Y좌표8":91.8792,"X좌표7":442.666,"Y좌표7":159.785,"X좌표4":358.782,"Y좌표6":286.608,"X좌표5":540.529,"Y좌표5":523.279}]},"라벨링":{"스타일":[{"스타일":"밀리터리"}],"아우터":[{"기장":"하프","색상":"브라운","카테고리":"재킷","옷깃":"차이나칼라","디테일":["포켓"],"소매기장":"긴팔","소재":["우븐"],"프린트":["무지"],"핏":"노멀"}],"하의":[{}],"원피스":[{}],"상의":[{"색상":"블랙","카테고리":"니트웨어","소매기장":"없음","소재":["니트"],"프린트":["무지"],"넥라인":"라운드넥","핏":"타이트"}]}},"파일 번호":3401,"파일 이름":"Amaker_008_01.jpg"}}