{"이미지 정보":{"이미지 식별자":3404,"이미지 높이":800,"이미지 파일명":"Amaker_008_04.jpg","이미지 너비":800},"데이터셋 정보":{"파일 생성일자":"2020-08-04 05:47:09","데이터셋 상세설명":{"렉트좌표":{"아우터":[{"X좌표":127.603,"Y좌표":2.50277,"가로":512,"세로":714}],"하의":[{}],"원피스":[{}],"상의":[{}]},"폴리곤좌표":{"아우터":[{"X좌표8":577.478,"X좌표9":535.536,"X좌표2":350.793,"X좌표3":444.663,"X좌표1":329.823,"X좌표6":640.391,"X좌표7":549.517,"X좌표4":578.477,"X좌표5":617.422,"Y좌표26":3.00277,"Y좌표25":3.00277,"Y좌표9":686.053,"Y좌표22":31.9625,"Y좌표21":139.812,"Y좌표24":7.99582,"Y좌표23":71.9069,"Y좌표20":187.746,"X좌표19":178.034,"X좌표18":128.103,"X좌표17":163.054,"X좌표16":153.068,"X좌표15":184.025,"X좌표14":230.96,"X좌표13":247.936,"X좌표12":419.698,"X좌표11":470.627,"Y좌표4":182.753,"X좌표10":502.582,"Y좌표3":33.9597,"Y좌표2":20.9778,"Y좌표1":3.00277,"Y좌표8":661.087,"Y좌표7":460.367,"Y좌표6":288.606,"Y좌표5":239.674,"Y좌표15":701.032,"Y좌표14":642.114,"Y좌표17":562.225,"Y좌표16":653.099,"Y좌표11":636.122,"Y좌표10":618.147,"Y좌표13":717.01,"Y좌표12":686.053,"X좌표26":328.824,"X좌표25":294.871,"X좌표24":294.871,"X좌표23":249.934,"X좌표22":220.974,"X좌표21":140.086,"X좌표20":160.059,"Y좌표19":407.44,"Y좌표18":536.261}],"하의":[{}],"원피스":[{}],"상의":[{}]},"라벨링":{"스타일":[{"스타일":"밀리터리"}],"아우터":[{"기장":"하프","색상":"브라운","카테고리":"재킷","옷깃":"차이나칼라","디테일":["포켓","슬릿"],"소매기장":"긴팔","소재":["우븐"],"프린트":["무지"],"핏":"노멀"}],"하의":[{}],"원피스":[{}],"상의":[{}]}},"파일 번호":3404,"파일 이름":"Amaker_008_04.jpg"}}