{"이미지 정보":{"이미지 식별자":3407,"이미지 높이":800,"이미지 파일명":"Amaker_008_07.jpg","이미지 너비":800},"데이터셋 정보":{"파일 생성일자":"2020-08-04 05:47:09","데이터셋 상세설명":{"렉트좌표":{"아우터":[{"X좌표":281.389,"Y좌표":0.505544,"가로":269,"세로":405}],"하의":[{"X좌표":314.343,"Y좌표":359.007,"가로":210,"세로":390}],"원피스":[{}],"상의":[{}]},"폴리곤좌표":{"아우터":[{"Y좌표9":406.442,"X좌표19":442.666,"X좌표18":410.71,"X좌표17":391.736,"X좌표16":310.849,"X좌표15":288.879,"X좌표14":284.885,"X좌표13":281.889,"X좌표12":290.877,"X좌표11":318.838,"Y좌표4":107.857,"X좌표10":308.852,"Y좌표3":49.9375,"Y좌표2":23.9736,"Y좌표1":1.00554,"Y좌표8":391.462,"Y좌표7":386.469,"Y좌표6":300.589,"Y좌표5":219.701,"Y좌표15":153.793,"Y좌표14":199.729,"X좌표8":507.575,"Y좌표17":12.9889,"X좌표9":411.709,"Y좌표16":53.9319,"Y좌표11":287.607,"Y좌표10":387.468,"Y좌표13":230.686,"Y좌표12":281.615,"X좌표2":461.639,"X좌표3":525.55,"X좌표1":442.666,"X좌표6":541.528,"Y좌표19":6.99721,"X좌표7":551.514,"Y좌표18":33.9597,"X좌표4":543.525,"X좌표5":545.523}],"하의":[{"X좌표8":494.593,"X좌표9":525.55,"Y좌표9":359.507,"Y좌표11":367.496,"Y좌표10":380.478,"X좌표11":320.835,"X좌표2":333.817,"Y좌표4":730.99,"X좌표10":419.698,"X좌표3":342.804,"Y좌표3":726.996,"Y좌표2":527.274,"X좌표1":314.843,"Y좌표1":369.493,"X좌표6":487.603,"Y좌표8":493.321,"X좌표7":497.589,"Y좌표7":647.107,"X좌표4":383.747,"Y좌표6":747.967,"X좌표5":431.681,"Y좌표5":749.964}],"원피스":[{}],"상의":[{}]},"라벨링":{"스타일":[{"스타일":"밀리터리"}],"아우터":[{"기장":"하프","색상":"브라운","카테고리":"재킷","옷깃":"차이나칼라","디테일":["포켓"],"소매기장":"긴팔","소재":["우븐"],"프린트":["무지"],"핏":"노멀"}],"하의":[{"기장":"발목","색상":"블랙","카테고리":"팬츠","소재":["우븐"],"프린트":["무지"],"핏":"노멀"}],"원피스":[{}],"상의":[{}]}},"파일 번호":3407,"파일 이름":"Amaker_008_07.jpg"}}