{"이미지 정보":{"이미지 식별자":3409,"이미지 높이":800,"이미지 파일명":"Amaker_008_09.jpg","이미지 너비":800},"데이터셋 정보":{"파일 생성일자":"2020-08-04 05:47:10","데이터셋 상세설명":{"렉트좌표":{"아우터":[{"X좌표":280.391,"Y좌표":-0.493067,"가로":510,"세로":757}],"하의":[{}],"원피스":[{}],"상의":[{}]},"폴리곤좌표":{"아우터":[{"X좌표8":684.329,"X좌표9":670.349,"X좌표2":581.472,"X좌표3":691.32,"X좌표1":570.488,"X좌표6":791.181,"X좌표7":789.184,"X좌표4":735.259,"X좌표5":774.204,"Y좌표25":0.00693311,"Y좌표9":726.996,"Y좌표22":32.9611,"Y좌표21":48.9389,"Y좌표24":0.00693311,"Y좌표23":41.9486,"Y좌표20":107.857,"X좌표19":331.82,"X좌표18":341.806,"X좌표17":280.891,"X좌표16":324.829,"X좌표15":290.877,"X좌표14":362.777,"X좌표13":467.631,"X좌표12":599.448,"X좌표11":629.406,"Y좌표4":137.815,"X좌표10":641.389,"Y좌표3":68.9111,"Y좌표2":22.975,"Y좌표1":0.00693311,"Y좌표8":568.217,"Y좌표7":388.467,"Y좌표6":329.549,"Y좌표5":271.629,"Y좌표15":659.09,"Y좌표14":729.992,"Y좌표17":505.304,"Y좌표16":552.239,"Y좌표11":683.057,"Y좌표10":757.953,"Y좌표13":739.978,"Y좌표12":741.975,"X좌표25":569.489,"X좌표24":532.541,"X좌표23":469.628,"X좌표22":451.653,"X좌표21":432.679,"X좌표20":340.807,"Y좌표19":219.701,"Y좌표18":329.549}],"하의":[{}],"원피스":[{}],"상의":[{}]},"라벨링":{"스타일":[{"스타일":"밀리터리"}],"아우터":[{"기장":"하프","색상":"브라운","카테고리":"재킷","옷깃":"차이나칼라","디테일":["포켓","슬릿"],"소매기장":"긴팔","소재":["우븐"],"프린트":["무지"],"핏":"노멀"}],"하의":[{}],"원피스":[{}],"상의":[{}]}},"파일 번호":3409,"파일 이름":"Amaker_008_09.jpg"}}