{"이미지 정보":{"이미지 식별자":3410,"이미지 높이":800,"이미지 파일명":"Amaker_008_10.jpg","이미지 너비":800},"데이터셋 정보":{"파일 생성일자":"2020-08-04 05:47:10","데이터셋 상세설명":{"렉트좌표":{"아우터":[{"X좌표":107.631,"Y좌표":-1.49168,"가로":551,"세로":752}],"하의":[{}],"원피스":[{}],"상의":[{}]},"폴리곤좌표":{"아우터":[{"X좌표8":612.429,"X좌표9":580.474,"X좌표2":464.635,"X좌표3":569.489,"X좌표1":438.671,"X좌표6":618.421,"X좌표7":587.464,"X좌표4":659.364,"X좌표5":653.372,"Y좌표25":2.00416,"Y좌표9":705.026,"Y좌표22":27.968,"Y좌표21":-0.991678,"Y좌표24":2.00416,"Y좌표23":42.9472,"Y좌표20":26.9694,"X좌표19":178.034,"X좌표18":135.093,"X좌표17":108.131,"X좌표16":135.093,"X좌표15":179.032,"X좌표14":189.018,"X좌표13":179.032,"X좌표12":194.011,"X좌표11":375.759,"Y좌표4":259.646,"X좌표10":458.643,"Y좌표3":61.9208,"Y좌표2":20.9778,"Y좌표1":0.00693311,"Y좌표8":669.076,"Y좌표7":508.3,"Y좌표6":491.324,"Y좌표5":375.485,"Y좌표15":503.307,"Y좌표14":532.267,"Y좌표17":335.54,"Y좌표16":495.318,"Y좌표11":751.961,"Y좌표10":745.969,"Y좌표13":661.087,"Y좌표12":705.026,"X좌표25":441.667,"X좌표24":424.691,"X좌표23":390.738,"X좌표22":351.792,"X좌표21":313.845,"X좌표20":308.852,"Y좌표19":90.8805,"Y좌표18":233.682}],"하의":[{}],"원피스":[{}],"상의":[{}]},"라벨링":{"스타일":[{"스타일":"밀리터리"}],"아우터":[{"기장":"하프","색상":"브라운","카테고리":"재킷","옷깃":"차이나칼라","디테일":["포켓"],"소매기장":"긴팔","소재":["우븐"],"프린트":["무지"],"핏":"노멀"}],"하의":[{}],"원피스":[{}],"상의":[{}]}},"파일 번호":3410,"파일 이름":"Amaker_008_10.jpg"}}