{"이미지 정보":{"이미지 식별자":133,"이미지 높이":800,"이미지 파일명":"Amaker_017_00_JJ_데무후드털.jpg","이미지 너비":800},"데이터셋 정보":{"파일 생성일자":"2020-08-03 01:52:59","데이터셋 상세설명":{"렉트좌표":{"아우터":[{"X좌표":229.143,"Y좌표":8.53915,"가로":445,"세로":779}],"하의":[{}],"원피스":[{}],"상의":[{}]},"폴리곤좌표":{"아우터":[{"Y좌표48":777.047,"Y좌표47":753.046,"Y좌표44":393.043,"Y좌표43":363.043,"Y좌표46":636.045,"Y좌표45":431.043,"Y좌표40":267.042,"Y좌표42":302.042,"Y좌표41":275.042,"X좌표39":635.647,"X좌표38":623.647,"X좌표37":607.647,"X좌표36":599.646,"X좌표35":556.646,"X좌표34":514.646,"X좌표33":497.645,"X좌표32":463.645,"X좌표31":398.645,"X좌표30":356.644,"Y좌표37":78.0398,"Y좌표36":63.0397,"X좌표8":400.645,"Y좌표39":191.041,"X좌표9":449.645,"Y좌표38":113.04,"Y좌표33":12.0392,"Y좌표32":12.0392,"Y좌표35":24.0393,"Y좌표34":12.0392,"Y좌표31":9.03915,"Y좌표30":23.0393,"X좌표48":488.645,"X좌표47":653.647,"X좌표46":619.647,"X좌표45":605.647,"X좌표44":610.647,"X좌표2":487.645,"X좌표43":625.647,"X좌표3":491.645,"X좌표42":674.647,"X좌표41":668.647,"X좌표1":431.645,"X좌표40":661.647,"X좌표6":400.645,"X좌표7":394.644,"X좌표4":460.645,"X좌표5":427.645,"Y좌표26":108.04,"Y좌표25":189.041,"Y좌표28":62.0397,"Y좌표9":237.041,"Y좌표27":83.0399,"Y좌표22":345.042,"Y좌표21":404.043,"Y좌표24":260.042,"Y좌표23":311.042,"Y좌표20":441.043,"X좌표19":298.644,"X좌표18":293.643,"X좌표17":289.643,"X좌표16":277.643,"X좌표15":295.644,"X좌표14":479.645,"X좌표13":482.645,"X좌표12":481.645,"X좌표11":473.645,"Y좌표4":60.0396,"X좌표10":467.645,"Y좌표3":74.0398,"Y좌표2":120.04,"Y좌표1":180.041,"Y좌표8":126.04,"Y좌표7":83.0399,"Y좌표29":36.0394,"Y좌표6":65.0397,"Y좌표5":59.0396,"Y좌표15":764.047,"Y좌표14":788.047,"Y좌표17":603.045,"Y좌표16":755.046,"Y좌표11":456.044,"Y좌표10":326.042,"Y좌표13":785.047,"Y좌표12":639.045,"X좌표29":322.644,"X좌표28":310.644,"X좌표27":305.644,"X좌표26":289.643,"X좌표25":259.643,"X좌표24":244.643,"X좌표23":229.643,"X좌표22":251.643,"X좌표21":314.644,"X좌표20":305.644,"Y좌표19":488.044,"Y좌표18":540.044}],"하의":[{}],"원피스":[{}],"상의":[{}]},"라벨링":{"스타일":[{"스타일":"모던"}],"아우터":[{"기장":"롱","색상":"블랙","카테고리":"코트","디테일":["지퍼","롤업"],"소매기장":"긴팔","소재":["울\/캐시미어","퍼"],"프린트":["무지"],"넥라인":"후드","핏":"노멀"}],"하의":[{}],"원피스":[{}],"상의":[{}]}},"파일 번호":133,"파일 이름":"Amaker_017_00_JJ_데무후드털.jpg"}}