{"이미지 정보":{"이미지 식별자":134,"이미지 높이":800,"이미지 파일명":"Amaker_017_01.jpg","이미지 너비":800},"데이터셋 정보":{"파일 생성일자":"2020-08-03 01:52:59","데이터셋 상세설명":{"렉트좌표":{"아우터":[{"X좌표":179.142,"Y좌표":4.53911,"가로":446,"세로":778}],"하의":[{}],"원피스":[{}],"상의":[{}]},"폴리곤좌표":{"아우터":[{"X좌표39":470.645,"X좌표38":430.645,"X좌표37":403.645,"X좌표36":358.644,"X좌표35":331.644,"X좌표34":302.644,"X좌표33":283.643,"X좌표32":268.643,"X좌표31":257.643,"X좌표30":251.643,"X좌표49":611.647,"X좌표48":584.646,"X좌표47":562.646,"X좌표46":541.646,"X좌표45":542.646,"X좌표44":532.646,"X좌표43":521.646,"X좌표42":511.646,"X좌표41":499.646,"X좌표40":487.645,"Y좌표26":315.042,"Y좌표25":332.042,"Y좌표28":162.041,"Y좌표27":252.042,"Y좌표22":755.046,"Y좌표21":755.046,"Y좌표24":398.043,"Y좌표23":572.045,"Y좌표20":767.047,"X좌표59":568.646,"X좌표58":556.646,"X좌표57":548.646,"X좌표56":551.646,"X좌표55":568.646,"X좌표54":584.646,"X좌표53":592.646,"X좌표52":605.647,"X좌표51":625.647,"X좌표50":625.647,"Y좌표29":102.04,"Y좌표15":351.042,"Y좌표14":255.042,"Y좌표17":654.045,"Y좌표16":491.044,"Y좌표11":108.04,"Y좌표10":81.0399,"Y좌표13":168.041,"Y좌표12":144.04,"X좌표66":430.645,"X좌표65":452.645,"X좌표64":488.645,"X좌표63":532.646,"X좌표62":584.646,"Y좌표19":782.047,"X좌표61":581.646,"Y좌표18":783.047,"X좌표60":575.646,"Y좌표48":180.041,"Y좌표47":107.04,"Y좌표49":263.042,"Y좌표44":45.0395,"Y좌표43":42.0395,"Y좌표46":66.0397,"Y좌표45":56.0396,"Y좌표40":30.0394,"Y좌표42":36.0394,"Y좌표41":33.0394,"Y좌표37":12.0392,"Y좌표36":5.03911,"X좌표8":364.644,"Y좌표39":26.0393,"X좌표9":338.644,"Y좌표38":17.0392,"Y좌표33":42.0395,"Y좌표32":50.0396,"Y좌표35":14.0392,"Y좌표34":17.0392,"Y좌표31":60.0396,"Y좌표30":87.0399,"X좌표2":404.645,"X좌표3":428.645,"X좌표1":386.644,"X좌표6":406.645,"X좌표7":388.644,"X좌표4":440.645,"X좌표5":437.645,"Y좌표9":62.0397,"Y좌표66":777.047,"Y좌표65":777.047,"Y좌표62":747.046,"Y좌표61":708.046,"Y좌표64":776.047,"Y좌표63":767.047,"Y좌표60":626.045,"X좌표19":356.644,"X좌표18":428.645,"X좌표17":430.645,"X좌표16":425.645,"X좌표15":412.645,"X좌표14":395.645,"X좌표13":368.644,"X좌표12":358.644,"X좌표11":346.644,"Y좌표4":63.0397,"X좌표10":340.644,"Y좌표3":98.04,"Y좌표2":144.04,"Y좌표1":182.041,"Y좌표8":47.0395,"Y좌표7":45.0395,"Y좌표6":44.0395,"Y좌표5":50.0396,"Y좌표59":566.045,"Y좌표58":467.044,"Y좌표55":384.043,"Y좌표54":369.043,"Y좌표57":396.043,"Y좌표56":387.043,"Y좌표51":302.042,"Y좌표50":287.042,"Y좌표53":345.042,"Y좌표52":327.042,"X좌표29":239.643,"X좌표28":215.643,"X좌표27":193.643,"X좌표26":179.642,"X좌표25":199.643,"X좌표24":262.643,"X좌표23":247.643,"X좌표22":223.643,"X좌표21":242.643,"X좌표20":289.643}],"하의":[{}],"원피스":[{}],"상의":[{}]},"라벨링":{"스타일":[{"스타일":"모던"}],"아우터":[{"기장":"롱","색상":"블랙","카테고리":"코트","디테일":["지퍼","롤업"],"소매기장":"긴팔","소재":["울\/캐시미어","퍼"],"프린트":["무지"],"넥라인":"후드","핏":"노멀"}],"하의":[{}],"원피스":[{}],"상의":[{}]}},"파일 번호":134,"파일 이름":"Amaker_017_01.jpg"}}