{"이미지 정보":{"이미지 식별자":135,"이미지 높이":800,"이미지 파일명":"Amaker_018_00_M_차이나배색하프.jpg","이미지 너비":800},"데이터셋 정보":{"파일 생성일자":"2020-08-03 01:52:59","데이터셋 상세설명":{"렉트좌표":{"아우터":[{"X좌표":265.143,"Y좌표":-1.46095,"가로":376,"세로":781}],"하의":[{}],"원피스":[{}],"상의":[{}]},"폴리곤좌표":{"아우터":[{"X좌표39":578.646,"X좌표38":599.646,"X좌표37":626.647,"X좌표36":641.647,"X좌표35":640.647,"X좌표34":628.647,"X좌표33":631.647,"X좌표32":638.647,"X좌표31":568.646,"X좌표30":521.646,"X좌표49":454.645,"X좌표48":461.645,"X좌표47":482.645,"X좌표46":499.646,"X좌표45":526.646,"X좌표44":526.646,"X좌표43":541.646,"X좌표42":542.646,"X좌표41":548.646,"X좌표40":563.646,"Y좌표26":696.046,"Y좌표25":732.046,"Y좌표28":768.047,"Y좌표27":723.046,"Y좌표22":752.046,"Y좌표21":747.046,"Y좌표24":761.047,"Y좌표23":758.046,"Y좌표20":741.046,"X좌표50":442.645,"Y좌표29":780.047,"Y좌표15":350.042,"Y좌표14":321.042,"Y좌표17":539.044,"Y좌표16":423.043,"Y좌표11":273.042,"Y좌표10":243.041,"Y좌표13":338.042,"Y좌표12":302.042,"Y좌표19":707.046,"Y좌표18":639.045,"Y좌표48":29.0393,"Y좌표47":20.0393,"Y좌표49":32.0394,"Y좌표44":2.03908,"Y좌표43":-0.960947,"Y좌표46":15.0392,"Y좌표45":3.03909,"Y좌표40":51.0396,"Y좌표42":6.03912,"Y좌표41":30.0394,"Y좌표37":173.041,"Y좌표36":455.044,"X좌표8":293.643,"Y좌표39":57.0396,"X좌표9":281.643,"Y좌표38":71.0398,"Y좌표33":575.045,"Y좌표32":765.047,"Y좌표35":533.044,"Y좌표34":536.044,"Y좌표31":780.047,"Y좌표30":776.047,"X좌표2":424.645,"X좌표3":415.645,"X좌표1":440.645,"X좌표6":349.644,"X좌표7":313.644,"X좌표4":397.645,"X좌표5":365.644,"Y좌표9":216.041,"X좌표19":281.643,"X좌표18":290.643,"X좌표17":299.644,"X좌표16":320.644,"X좌표15":338.644,"X좌표14":346.644,"X좌표13":296.644,"X좌표12":272.643,"X좌표11":265.643,"Y좌표4":66.0397,"X좌표10":277.643,"Y좌표3":60.0396,"Y좌표2":38.0394,"Y좌표1":38.0394,"Y좌표8":188.041,"Y좌표7":153.041,"Y좌표6":98.04,"Y좌표5":77.0398,"Y좌표50":35.0394,"X좌표29":446.645,"X좌표28":400.645,"X좌표27":374.644,"X좌표26":382.644,"X좌표25":361.644,"X좌표24":338.644,"X좌표23":317.644,"X좌표22":295.644,"X좌표21":289.643,"X좌표20":283.643}],"하의":[{}],"원피스":[{}],"상의":[{}]},"라벨링":{"스타일":[{"스타일":"모던"}],"아우터":[{"기장":"롱","색상":"그레이","서브색상":"블랙","카테고리":"패딩","옷깃":"차이나칼라","디테일":["퀄팅","패치워크","퍼프"],"소매기장":"긴팔","소재":["패딩","울\/캐시미어"],"프린트":["무지"],"핏":"노멀"}],"하의":[{}],"원피스":[{}],"상의":[{}]}},"파일 번호":135,"파일 이름":"Amaker_018_00_M_차이나배색하프.jpg"}}