{"이미지 정보":{"이미지 식별자":137,"이미지 높이":800,"이미지 파일명":"Amaker_019_01.jpg","이미지 너비":800},"데이터셋 정보":{"파일 생성일자":"2020-08-03 01:53:00","데이터셋 상세설명":{"렉트좌표":{"아우터":[{"X좌표":199.143,"Y좌표":-0.460937,"가로":442,"세로":764}],"하의":[{}],"원피스":[{}],"상의":[{}]},"폴리곤좌표":{"아우터":[{"X좌표39":614.647,"X좌표38":556.646,"X좌표37":520.646,"X좌표36":484.645,"X좌표35":439.645,"X좌표34":275.643,"X좌표33":239.643,"X좌표32":220.643,"X좌표31":212.643,"X좌표30":203.643,"X좌표49":541.646,"X좌표48":574.646,"X좌표47":635.647,"X좌표46":616.647,"X좌표45":598.646,"X좌표44":565.646,"X좌표43":580.646,"X좌표42":641.647,"X좌표41":640.647,"X좌표40":622.647,"Y좌표26":527.044,"Y좌표25":527.044,"Y좌표28":356.043,"Y좌표27":479.044,"Y좌표22":743.046,"Y좌표21":753.046,"Y좌표24":524.044,"Y좌표23":519.044,"Y좌표20":759.046,"X좌표52":469.645,"X좌표51":482.645,"X좌표50":508.646,"Y좌표29":258.042,"Y좌표15":338.042,"Y좌표14":315.042,"Y좌표17":509.044,"Y좌표16":401.043,"Y좌표11":179.041,"Y좌표10":131.04,"Y좌표13":267.042,"Y좌표12":219.041,"Y좌표19":764.047,"Y좌표18":659.045,"Y좌표48":719.046,"Y좌표47":710.046,"Y좌표49":749.046,"Y좌표44":495.044,"Y좌표43":491.044,"Y좌표46":668.046,"Y좌표45":573.045,"Y좌표40":407.043,"Y좌표42":479.044,"Y좌표41":443.043,"Y좌표37":66.0397,"Y좌표36":17.0392,"X좌표8":293.643,"Y좌표39":342.042,"X좌표9":308.644,"Y좌표38":129.04,"Y좌표33":20.0393,"Y좌표32":68.0397,"Y좌표35":5.03911,"Y좌표34":0.0390629,"Y좌표31":83.0399,"Y좌표30":146.04,"X좌표2":388.644,"X좌표3":394.644,"X좌표1":356.644,"X좌표6":346.644,"X좌표7":320.644,"X좌표4":409.645,"X좌표5":409.645,"Y좌표9":101.04,"X좌표19":467.645,"X좌표18":460.645,"X좌표17":434.645,"X좌표16":418.645,"X좌표15":413.645,"X좌표14":392.644,"X좌표13":380.644,"X좌표12":371.644,"X좌표11":355.644,"Y좌표4":24.0393,"X좌표10":323.644,"Y좌표3":80.0398,"Y좌표2":129.04,"Y좌표1":164.041,"Y좌표8":48.0395,"Y좌표7":20.0393,"Y좌표6":11.0392,"Y좌표5":5.03911,"Y좌표51":755.046,"Y좌표50":753.046,"Y좌표52":755.046,"X좌표29":200.643,"X좌표28":199.643,"X좌표27":206.643,"X좌표26":205.643,"X좌표25":220.643,"X좌표24":256.643,"X좌표23":283.643,"X좌표22":322.644,"X좌표21":367.644,"X좌표20":398.645}],"하의":[{}],"원피스":[{}],"상의":[{}]},"라벨링":{"스타일":[{"스타일":"모던"}],"아우터":[{"기장":"롱","색상":"그레이","서브색상":"블랙","카테고리":"베스트","디테일":["퍼트리밍"],"소매기장":"긴팔","소재":["퍼","울\/캐시미어"],"프린트":["체크","무지"],"넥라인":"후드","핏":"노멀"}],"하의":[{}],"원피스":[{}],"상의":[{}]}},"파일 번호":137,"파일 이름":"Amaker_019_01.jpg"}}