{"이미지 정보":{"이미지 식별자":139,"이미지 높이":800,"이미지 파일명":"Amaker_020_01.jpg","이미지 너비":800},"데이터셋 정보":{"파일 생성일자":"2020-08-03 01:53:01","데이터셋 상세설명":{"렉트좌표":{"아우터":[{"X좌표":121.142,"Y좌표":7.53914,"가로":535,"세로":687}],"하의":[{}],"원피스":[{}],"상의":[{}]},"폴리곤좌표":{"아우터":[{"Y좌표26":618.045,"Y좌표25":575.045,"Y좌표28":648.045,"Y좌표27":639.045,"Y좌표22":480.044,"Y좌표21":456.044,"Y좌표24":530.044,"Y좌표23":506.044,"Y좌표20":429.043,"Y좌표124":282.042,"Y좌표125":282.042,"Y좌표122":293.042,"Y좌표123":290.042,"Y좌표126":269.042,"Y좌표120":321.042,"Y좌표29":665.046,"Y좌표121":314.042,"Y좌표15":299.042,"Y좌표14":263.042,"Y좌표17":345.042,"Y좌표16":323.042,"Y좌표11":216.041,"Y좌표10":192.041,"Y좌표13":249.041,"Y좌표12":242.041,"Y좌표119":341.042,"Y좌표113":512.044,"Y좌표114":447.043,"Y좌표111":551.044,"Y좌표112":519.044,"Y좌표117":384.043,"Y좌표118":357.043,"Y좌표115":428.043,"Y좌표116":410.043,"Y좌표19":407.043,"Y좌표18":377.043,"Y좌표110":582.045,"Y좌표48":420.043,"Y좌표47":431.043,"Y좌표49":416.043,"Y좌표44":521.044,"Y좌표43":540.044,"Y좌표46":450.043,"Y좌표45":477.044,"Y좌표40":581.045,"Y좌표42":558.044,"Y좌표41":570.045,"Y좌표37":608.045,"Y좌표36":657.045,"X좌표8":494.645,"Y좌표39":584.045,"X좌표9":473.645,"Y좌표38":593.045,"Y좌표33":672.046,"Y좌표32":672.046,"Y좌표35":665.046,"Y좌표34":665.046,"Y좌표31":672.046,"Y좌표30":672.046,"X좌표2":353.644,"X좌표3":352.644,"X좌표1":403.645,"X좌표6":457.645,"X좌표7":494.645,"X좌표4":371.644,"X좌표5":430.645,"Y좌표69":15.0392,"Y좌표9":150.041,"Y좌표66":38.0394,"Y좌표65":59.0396,"Y좌표68":21.0393,"Y좌표67":38.0394,"Y좌표62":107.04,"Y좌표61":125.04,"Y좌표64":68.0397,"Y좌표63":86.0399,"Y좌표60":149.041,"X좌표19":445.645,"X좌표18":454.645,"X좌표17":439.645,"X좌표16":421.645,"X좌표15":412.645,"X좌표14":412.645,"X좌표13":412.645,"X좌표12":413.645,"X좌표11":442.645,"Y좌표4":38.0394,"X좌표10":460.645,"Y좌표3":38.0394,"Y좌표2":86.0399,"Y좌표1":273.042,"Y좌표8":95.04,"Y좌표7":66.0397,"Y좌표6":42.0395,"Y좌표5":35.0394,"Y좌표59":188.041,"Y좌표58":224.041,"Y좌표55":341.042,"Y좌표54":341.042,"Y좌표57":255.042,"Y좌표56":299.042,"Y좌표51":390.043,"Y좌표50":405.043,"Y좌표53":356.043,"Y좌표52":369.043,"X좌표29":431.645,"X좌표28":439.645,"X좌표27":437.645,"X좌표26":440.645,"X좌표25":448.645,"X좌표24":443.645,"X좌표23":443.645,"X좌표22":445.645,"X좌표21":445.645,"X좌표20":446.645,"Y좌표88":360.043,"Y좌표87":351.042,"Y좌표89":375.043,"Y좌표84":252.042,"Y좌표83":225.041,"Y좌표86":329.042,"Y좌표85":288.042,"Y좌표80":128.04,"Y좌표82":201.041,"Y좌표81":168.041,"X좌표39":209.643,"X좌표38":227.643,"X좌표37":229.643,"X좌표36":238.643,"X좌표35":253.643,"X좌표34":265.643,"X좌표33":314.644,"X좌표32":379.644,"X좌표31":409.645,"X좌표30":424.645,"Y좌표77":69.0397,"Y좌표76":62.0397,"Y좌표79":104.04,"Y좌표78":77.0398,"Y좌표73":15.0392,"Y좌표72":8.03914,"Y좌표75":59.0396,"Y좌표74":24.0393,"Y좌표71":8.03914,"Y좌표70":15.0392,"X좌표49":157.642,"X좌표48":152.642,"X좌표47":151.642,"X좌표46":149.642,"X좌표45":142.642,"X좌표44":121.642,"X좌표43":127.642,"X좌표42":133.642,"X좌표41":161.642,"X좌표40":197.643,"X좌표120":424.645,"X좌표126":398.645,"X좌표125":401.645,"X좌표122":401.645,"X좌표121":424.645,"X좌표124":401.645,"X좌표123":401.645,"X좌표59":211.643,"X좌표58":196.643,"X좌표57":191.643,"X좌표56":176.642,"X좌표55":173.642,"X좌표54":173.642,"X좌표53":167.642,"X좌표52":167.642,"X좌표51":161.642,"X좌표50":158.642,"Y좌표99":626.045,"Y좌표98":600.045,"Y좌표95":504.044,"Y좌표94":471.044,"Y좌표97":579.045,"Y좌표96":537.044,"Y좌표91":402.043,"Y좌표90":399.043,"Y좌표93":422.043,"Y좌표92":410.043,"X좌표69":356.644,"X좌표68":340.644,"X좌표67":329.644,"X좌표66":305.644,"X좌표65":269.643,"X좌표64":247.643,"X좌표63":239.643,"X좌표62":233.643,"X좌표61":229.643,"X좌표60":223.643,"X좌표104":503.646,"X좌표103":538.646,"X좌표106":440.645,"Y좌표108":644.045,"X좌표105":467.645,"Y좌표109":599.045,"X좌표100":581.646,"X좌표102":566.646,"X좌표101":577.646,"Y좌표102":686.046,"Y좌표103":695.046,"Y좌표100":654.045,"Y좌표101":677.046,"Y좌표106":675.046,"X좌표108":439.645,"X좌표79":607.647,"X좌표107":440.645,"Y좌표107":675.046,"X좌표78":584.646,"Y좌표104":692.046,"X좌표77":548.646,"Y좌표105":690.046,"X좌표109":430.645,"X좌표76":532.646,"X좌표75":526.646,"X좌표74":499.646,"X좌표73":472.645,"X좌표72":454.645,"X좌표71":422.645,"X좌표70":379.644,"X좌표90":616.647,"X좌표115":436.645,"X좌표114":436.645,"X좌표117":440.645,"X좌표116":440.645,"X좌표111":434.645,"X좌표110":430.645,"X좌표113":440.645,"X좌표112":436.645,"X좌표119":427.645,"X좌표118":431.645,"X좌표89":631.647,"X좌표88":644.647,"X좌표87":647.647,"X좌표86":646.647,"X좌표85":656.647,"X좌표84":650.647,"X좌표83":646.647,"X좌표82":638.647,"X좌표81":629.647,"X좌표80":610.647,"X좌표99":578.646,"X좌표98":574.646,"X좌표97":586.646,"X좌표96":581.646,"X좌표95":577.646,"X좌표94":569.646,"X좌표93":569.646,"X좌표92":575.646,"X좌표91":604.647}],"하의":[{}],"원피스":[{}],"상의":[{}]},"라벨링":{"스타일":[{"스타일":"모던","서브스타일":"젠더리스"}],"아우터":[{"기장":"노말","색상":"블랙","서브색상":"실버","카테고리":"재킷","옷깃":"테일러드칼라","디테일":["싱글브레스티드","드롭숄더"],"소매기장":"긴팔","소재":["트위드"],"프린트":["체크"],"넥라인":"브이넥","핏":"루즈"}],"하의":[{}],"원피스":[{}],"상의":[{}]}},"파일 번호":139,"파일 이름":"Amaker_020_01.jpg"}}