{"이미지 정보":{"이미지 식별자":169,"이미지 높이":800,"이미지 파일명":"Amaker_036_00_YM_리본사파리.jpg","이미지 너비":800},"데이터셋 정보":{"파일 생성일자":"2020-08-03 01:53:09","데이터셋 상세설명":{"렉트좌표":{"아우터":[{"X좌표":239.143,"Y좌표":1.53908,"가로":426,"세로":729}],"하의":[{}],"원피스":[{}],"상의":[{}]},"폴리곤좌표":{"아우터":[{"X좌표39":613.647,"X좌표38":665.647,"X좌표37":623.647,"X좌표36":649.647,"X좌표35":578.646,"X좌표34":571.646,"X좌표33":551.646,"X좌표32":550.646,"X좌표31":545.646,"X좌표30":550.646,"X좌표49":526.646,"X좌표48":533.646,"X좌표47":506.646,"X좌표46":479.645,"X좌표45":458.645,"X좌표44":484.645,"X좌표43":544.646,"X좌표42":565.646,"X좌표41":587.646,"X좌표40":605.647,"Y좌표26":75.0398,"Y좌표25":68.0397,"Y좌표28":140.04,"Y좌표27":113.04,"Y좌표22":6.03912,"Y좌표21":24.0393,"Y좌표24":36.0394,"Y좌표23":17.0392,"Y좌표20":33.0394,"X좌표52":520.646,"X좌표51":509.646,"X좌표50":512.646,"Y좌표29":177.041,"Y좌표15":321.042,"Y좌표14":426.043,"Y좌표17":183.041,"Y좌표16":252.042,"Y좌표11":671.046,"Y좌표10":701.046,"Y좌표13":507.044,"Y좌표12":659.045,"Y좌표19":45.0395,"Y좌표18":81.0399,"Y좌표48":60.0396,"Y좌표47":51.0396,"Y좌표49":98.04,"Y좌표44":2.03908,"Y좌표43":12.0392,"Y좌표46":32.0394,"Y좌표45":5.03911,"Y좌표40":71.0398,"Y좌표42":21.0393,"Y좌표41":45.0395,"Y좌표37":495.044,"Y좌표36":683.046,"X좌표8":463.645,"Y좌표39":131.04,"X좌표9":449.645,"Y좌표38":486.044,"Y좌표33":573.045,"Y좌표32":444.043,"Y좌표35":726.046,"Y좌표34":708.046,"Y좌표31":266.042,"Y좌표30":212.041,"X좌표2":514.646,"X좌표3":511.646,"X좌표1":517.646,"X좌표6":500.646,"X좌표7":473.645,"X좌표4":509.646,"X좌표5":506.646,"Y좌표9":731.046,"X좌표19":362.644,"X좌표18":322.644,"X좌표17":277.643,"X좌표16":239.643,"X좌표15":253.643,"X좌표14":319.644,"X좌표13":313.644,"X좌표12":287.643,"X좌표11":298.644,"Y좌표4":554.044,"X좌표10":368.644,"Y좌표3":444.043,"Y좌표2":299.042,"Y좌표1":198.041,"Y좌표8":717.046,"Y좌표7":698.046,"Y좌표6":689.046,"Y좌표5":561.045,"Y좌표51":153.041,"Y좌표50":98.04,"Y좌표52":200.041,"X좌표29":536.646,"X좌표28":530.646,"X좌표27":535.646,"X좌표26":539.646,"X좌표25":547.646,"X좌표24":557.646,"X좌표23":542.646,"X좌표22":430.645,"X좌표21":421.645,"X좌표20":394.644}],"하의":[{}],"원피스":[{}],"상의":[{}]},"라벨링":{"스타일":[{"스타일":"모던","서브스타일":"밀리터리"}],"아우터":[{"기장":"롱","색상":"그레이","카테고리":"점퍼","옷깃":"차이나칼라","디테일":["지퍼","포켓"],"소매기장":"긴팔","소재":["우븐"],"프린트":["무지"],"핏":"루즈"}],"하의":[{}],"원피스":[{}],"상의":[{}]}},"파일 번호":169,"파일 이름":"Amaker_036_00_YM_리본사파리.jpg"}}