{"이미지 정보":{"이미지 식별자":170,"이미지 높이":800,"이미지 파일명":"Amaker_036_01.jpg","이미지 너비":800},"데이터셋 정보":{"파일 생성일자":"2020-08-03 01:53:10","데이터셋 상세설명":{"렉트좌표":{"아우터":[{"X좌표":152.142,"Y좌표":4.53911,"가로":426,"세로":724}],"하의":[{}],"원피스":[{}],"상의":[{}]},"폴리곤좌표":{"아우터":[{"X좌표39":464.645,"X좌표38":467.645,"X좌표37":467.645,"X좌표36":494.645,"X좌표35":557.646,"X좌표34":541.646,"X좌표33":578.646,"X좌표32":557.646,"X좌표31":535.646,"X좌표30":526.646,"X좌표49":391.644,"X좌표48":383.644,"X좌표47":392.644,"X좌표46":427.645,"X좌표45":451.645,"X좌표44":467.645,"X좌표43":458.645,"X좌표42":437.645,"X좌표41":445.645,"X좌표40":457.645,"Y좌표26":17.0392,"Y좌표25":9.03915,"Y좌표28":65.0397,"Y좌표27":39.0394,"Y좌표22":9.03915,"Y좌표21":20.0393,"Y좌표24":6.03912,"Y좌표23":6.03912,"Y좌표20":35.0394,"X좌표55":425.645,"X좌표54":437.645,"X좌표53":443.645,"X좌표52":443.645,"X좌표51":434.645,"X좌표50":416.645,"Y좌표29":95.04,"Y좌표15":356.043,"Y좌표14":425.043,"Y좌표17":243.041,"Y좌표16":294.042,"Y좌표11":707.046,"Y좌표10":728.046,"Y좌표13":659.045,"Y좌표12":684.046,"Y좌표19":71.0398,"Y좌표18":159.041,"Y좌표48":8.03914,"Y좌표47":5.03911,"Y좌표49":21.0393,"Y좌표44":48.0395,"Y좌표43":57.0396,"Y좌표46":5.03911,"Y좌표45":17.0392,"Y좌표40":221.041,"Y좌표42":111.04,"Y좌표41":150.041,"Y좌표37":602.045,"Y좌표36":729.046,"X좌표8":391.644,"Y좌표39":395.043,"X좌표9":380.644,"Y좌표38":528.044,"Y좌표33":485.044,"Y좌표32":383.043,"Y좌표35":689.046,"Y좌표34":500.044,"Y좌표31":227.041,"Y좌표30":146.04,"X좌표2":434.645,"X좌표3":431.645,"X좌표1":424.645,"X좌표6":422.645,"X좌표7":415.645,"X좌표4":431.645,"X좌표5":425.645,"Y좌표9":711.046,"X좌표19":248.643,"X좌표18":205.643,"X좌표17":152.642,"X좌표16":158.642,"X좌표15":187.642,"X좌표14":241.643,"X좌표13":212.643,"X좌표12":236.643,"X좌표11":292.643,"Y좌표4":545.044,"X좌표10":380.644,"Y좌표3":326.042,"Y좌표2":212.041,"Y좌표1":96.04,"Y좌표8":695.046,"Y좌표7":692.046,"Y좌표6":636.045,"Y좌표5":567.045,"Y좌표55":95.04,"Y좌표54":99.04,"Y좌표51":56.0396,"Y좌표50":47.0395,"Y좌표53":80.0398,"Y좌표52":62.0397,"X좌표29":530.646,"X좌표28":515.646,"X좌표27":484.645,"X좌표26":457.645,"X좌표25":439.645,"X좌표24":410.645,"X좌표23":382.644,"X좌표22":353.644,"X좌표21":323.644,"X좌표20":301.644}],"하의":[{}],"원피스":[{}],"상의":[{}]},"라벨링":{"스타일":[{"스타일":"모던","서브스타일":"밀리터리"}],"아우터":[{"기장":"롱","색상":"그레이","카테고리":"점퍼","옷깃":"차이나칼라","디테일":["지퍼","포켓"],"소매기장":"긴팔","소재":["우븐"],"프린트":["무지"],"핏":"루즈"}],"하의":[{}],"원피스":[{}],"상의":[{}]}},"파일 번호":170,"파일 이름":"Amaker_036_01.jpg"}}