{"이미지 정보":{"이미지 식별자":13535,"이미지 높이":800,"이미지 파일명":"Lounge-Vera_077_imgs.jpg","이미지 너비":800},"데이터셋 정보":{"파일 생성일자":"2020-08-06 05:48:58","데이터셋 상세설명":{"렉트좌표":{"아우터":[{}],"하의":[{"X좌표":221.011,"Y좌표":-0.49147,"가로":325,"세로":797}],"원피스":[{}],"상의":[{}]},"폴리곤좌표":{"아우터":[{}],"하의":[{"Y좌표9":579.009,"Y좌표22":4.00853,"Y좌표21":23.0085,"Y좌표24":3.00853,"Y좌표23":0.00852966,"Y좌표20":78.0085,"X좌표19":546.511,"X좌표18":547.511,"X좌표17":539.511,"X좌표16":532.511,"X좌표15":504.511,"X좌표14":473.511,"X좌표13":375.511,"X좌표12":378.511,"X좌표11":365.511,"Y좌표4":131.009,"X좌표10":342.511,"Y좌표3":94.0085,"Y좌표2":22.0085,"Y좌표1":1.00853,"Y좌표8":501.009,"Y좌표7":491.009,"Y좌표6":314.009,"Y좌표5":245.009,"Y좌표15":716.008,"Y좌표14":795.008,"X좌표8":242.511,"Y좌표17":328.009,"X좌표9":263.511,"Y좌표16":470.009,"Y좌표11":726.463,"Y좌표10":725.463,"Y좌표13":798.008,"Y좌표12":721.463,"X좌표24":299.511,"X좌표23":363.511,"X좌표22":492.511,"X좌표2":293.511,"X좌표21":506.511,"X좌표3":235.511,"X좌표20":530.511,"X좌표1":296.511,"X좌표6":221.511,"Y좌표19":163.009,"X좌표7":227.511,"Y좌표18":322.009,"X좌표4":241.511,"X좌표5":239.511}],"원피스":[{}],"상의":[{}]},"라벨링":{"스타일":[{"스타일":"섹시","서브스타일":"밀리터리"}],"아우터":[{}],"하의":[{"기장":"발목","색상":"화이트","카테고리":"조거팬츠","디테일":["단추","포켓"],"소재":["우븐"],"프린트":["무지"],"핏":"노멀"}],"원피스":[{}],"상의":[{}]}},"파일 번호":13535,"파일 이름":"Lounge-Vera_077_imgs.jpg"}}