{"이미지 정보":{"이미지 식별자":16291,"이미지 높이":800,"이미지 파일명":"Rausch_027_01.jpg","이미지 너비":800},"데이터셋 정보":{"파일 생성일자":"2020-08-06 06:04:04","데이터셋 상세설명":{"렉트좌표":{"아우터":[{}],"하의":[{}],"원피스":[{"X좌표":243.931,"Y좌표":4.51635,"가로":272,"세로":697}],"상의":[{}]},"폴리곤좌표":{"아우터":[{}],"하의":[{}],"원피스":[{"X좌표30":347.306,"X좌표8":516.101,"X좌표9":498.123,"Y좌표30":9.0115,"X좌표2":386.259,"X좌표3":431.204,"X좌표1":350.302,"X좌표6":517.1,"X좌표7":511.107,"X좌표4":459.17,"X좌표5":495.127,"Y좌표26":109.889,"Y좌표25":173.811,"Y좌표28":23.9933,"Y좌표9":241.729,"Y좌표27":54.9557,"Y좌표22":360.584,"Y좌표21":447.479,"Y좌표24":234.737,"Y좌표23":351.595,"Y좌표20":623.265,"X좌표19":281.386,"X좌표18":330.327,"X좌표17":383.262,"X좌표16":447.185,"X좌표15":478.147,"X좌표14":475.151,"X좌표13":473.153,"X좌표12":479.146,"X좌표11":487.136,"Y좌표4":17.0018,"X좌표10":498.123,"Y좌표3":5.01635,"Y좌표2":19.9981,"Y좌표1":8.01271,"Y좌표8":194.786,"Y좌표7":152.837,"Y좌표29":17.0018,"Y좌표6":87.9156,"Y좌표5":21.9957,"Y좌표15":662.218,"Y좌표14":596.298,"Y좌표17":702.169,"Y좌표16":690.184,"Y좌표11":320.633,"Y좌표10":284.677,"Y좌표13":500.414,"Y좌표12":399.537,"X좌표29":314.346,"X좌표28":286.38,"X좌표27":273.396,"X좌표26":276.392,"X좌표25":273.396,"X좌표24":260.412,"X좌표23":244.431,"X좌표22":285.381,"X좌표21":285.381,"X좌표20":258.414,"Y좌표19":657.224,"Y좌표18":672.206}],"상의":[{}]},"라벨링":{"스타일":[{"스타일":"섹시","서브스타일":"페미닌"}],"아우터":[{}],"하의":[{}],"원피스":[{"기장":"발목","색상":"베이지","서브색상":"블랙","카테고리":"드레스","소매기장":"긴팔","소재":["레이스"],"넥라인":"스위트하트","핏":"노멀"}],"상의":[{"카테고리":"티셔츠","넥라인":"라운드넥","핏":"타이트"}]}},"파일 번호":16291,"파일 이름":"Rausch_027_01.jpg"}}