{"이미지 정보":{"이미지 식별자":16290,"이미지 높이":800,"이미지 파일명":"Rausch_027_00_H_레이스슬립.jpg","이미지 너비":800},"데이터셋 정보":{"파일 생성일자":"2020-08-06 06:04:04","데이터셋 상세설명":{"렉트좌표":{"아우터":[{}],"하의":[{}],"원피스":[{"X좌표":313.846,"Y좌표":2.51878,"가로":274,"세로":692}],"상의":[{}]},"폴리곤좌표":{"아우터":[{}],"하의":[{}],"원피스":[{"X좌표34":426.21,"X좌표33":408.232,"X좌표32":375.272,"X좌표31":348.305,"X좌표30":339.316,"X좌표8":584.018,"X좌표9":589.012,"Y좌표33":10.0103,"Y좌표32":18.0006,"Y좌표34":3.01878,"Y좌표31":38.9751,"Y좌표30":77.9278,"X좌표2":447.185,"X좌표3":480.145,"X좌표1":425.211,"X좌표6":568.038,"X좌표7":584.018,"X좌표4":500.12,"X좌표5":530.084,"Y좌표26":370.572,"Y좌표25":432.497,"Y좌표28":212.764,"Y좌표9":189.792,"Y좌표27":362.582,"Y좌표22":660.22,"Y좌표21":661.219,"Y좌표24":560.342,"Y좌표23":629.258,"Y좌표20":695.178,"X좌표19":489.134,"X좌표18":527.088,"X좌표17":546.065,"X좌표16":546.065,"X좌표15":546.065,"X좌표14":543.068,"X좌표13":552.057,"X좌표12":563.044,"X좌표11":572.033,"Y좌표4":7.01392,"X좌표10":576.028,"Y좌표3":14.0054,"Y좌표2":16.003,"Y좌표1":7.01392,"Y좌표8":127.867,"Y좌표7":70.9362,"Y좌표29":140.851,"Y좌표6":22.9945,"Y좌표5":10.0103,"Y좌표15":515.396,"Y좌표14":433.496,"Y좌표17":658.223,"Y좌표16":599.294,"Y좌표11":292.667,"Y좌표10":242.728,"Y좌표13":365.578,"Y좌표12":322.63,"X좌표29":340.315,"X좌표28":332.324,"X좌표27":314.346,"X좌표26":356.295,"X좌표25":359.292,"X좌표24":351.301,"X좌표23":336.319,"X좌표22":347.306,"X좌표21":396.247,"X좌표20":451.18,"Y좌표19":687.187,"Y좌표18":671.207}],"상의":[{}]},"라벨링":{"스타일":[{"스타일":"섹시","서브스타일":"페미닌"}],"아우터":[{}],"하의":[{}],"원피스":[{"기장":"발목","색상":"베이지","서브색상":"블랙","카테고리":"드레스","소매기장":"긴팔","소재":["레이스"],"넥라인":"스위트하트","핏":"노멀"}],"상의":[{"카테고리":"티셔츠","넥라인":"라운드넥","핏":"타이트"}]}},"파일 번호":16290,"파일 이름":"Rausch_027_00_H_레이스슬립.jpg"}}