{"이미지 정보":{"이미지 식별자":16303,"이미지 높이":800,"이미지 파일명":"Rausch_027_20.jpg","이미지 너비":800},"데이터셋 정보":{"파일 생성일자":"2020-08-06 06:04:08","데이터셋 상세설명":{"렉트좌표":{"아우터":[{}],"하의":[{}],"원피스":[{"X좌표":2.22484,"Y좌표":2.51878,"가로":269,"세로":694}],"상의":[{}]},"폴리곤좌표":{"아우터":[{}],"하의":[{}],"원피스":[{"X좌표32":94.6132,"X좌표31":70.6423,"X좌표30":47.6702,"X좌표8":272.397,"X좌표9":263.408,"Y좌표32":3.01878,"Y좌표31":26.9897,"Y좌표30":29.986,"X좌표2":126.574,"X좌표3":156.538,"X좌표1":97.6095,"X좌표6":225.454,"X좌표7":248.426,"X좌표4":174.516,"X좌표5":201.483,"Y좌표26":206.771,"Y좌표25":348.599,"Y좌표28":75.9302,"Y좌표9":219.755,"Y좌표27":154.834,"Y좌표22":393.544,"Y좌표21":635.251,"Y좌표24":359.586,"Y좌표23":364.579,"Y좌표20":659.221,"X좌표19":68.6447,"X좌표18":108.596,"X좌표17":145.551,"X좌표16":183.505,"X좌표15":219.461,"X좌표14":219.461,"X좌표13":217.464,"X좌표12":224.455,"X좌표11":238.438,"Y좌표4":10.0103,"X좌표10":247.427,"Y좌표3":18.9994,"Y좌표2":25.9909,"Y좌표1":6.01514,"Y좌표8":133.86,"Y좌표7":40.9727,"Y좌표29":39.9739,"Y좌표6":20.9969,"Y좌표5":13.0066,"Y좌표15":678.198,"Y좌표14":620.269,"Y좌표17":697.175,"Y좌표16":686.189,"Y좌표11":327.624,"Y좌표10":267.697,"Y좌표13":539.367,"Y좌표12":449.476,"X좌표29":26.6957,"X좌표28":23.6994,"X좌표27":27.6945,"X좌표26":14.7103,"X좌표25":2.72484,"X좌표24":8.71756,"X좌표23":24.6981,"X좌표22":38.6811,"X좌표21":8.71756,"X좌표20":35.6848,"Y좌표19":663.217,"Y좌표18":685.19}],"상의":[{}]},"라벨링":{"스타일":[{"스타일":"섹시","서브스타일":"페미닌"}],"아우터":[{}],"하의":[{}],"원피스":[{"기장":"발목","색상":"베이지","서브색상":"블랙","카테고리":"드레스","소매기장":"긴팔","소재":["레이스"],"넥라인":"스위트하트","핏":"노멀"}],"상의":[{"카테고리":"티셔츠","넥라인":"라운드넥","핏":"타이트"}]}},"파일 번호":16303,"파일 이름":"Rausch_027_20.jpg"}}