{"이미지 정보":{"이미지 식별자":166,"이미지 높이":800,"이미지 파일명":"Amaker_034_01.jpg","이미지 너비":800},"데이터셋 정보":{"파일 생성일자":"2020-08-03 01:53:08","데이터셋 상세설명":{"렉트좌표":{"아우터":[{"X좌표":191.143,"Y좌표":5.53912,"가로":413,"세로":789}],"하의":[{}],"원피스":[{}],"상의":[{}]},"폴리곤좌표":{"아우터":[{"X좌표39":590.646,"X좌표38":583.646,"X좌표37":602.646,"X좌표36":587.646,"X좌표35":604.647,"X좌표34":590.646,"X좌표33":581.646,"X좌표32":554.646,"X좌표31":511.646,"X좌표30":467.645,"X좌표49":427.645,"X좌표48":446.645,"X좌표47":463.645,"X좌표46":503.646,"X좌표45":526.646,"X좌표44":563.646,"X좌표43":589.646,"X좌표42":581.646,"X좌표41":572.646,"X좌표40":584.646,"Y좌표26":51.0396,"Y좌표25":66.0397,"Y좌표28":6.03912,"Y좌표27":21.0393,"Y좌표22":476.044,"Y좌표21":486.044,"Y좌표24":192.041,"Y좌표23":324.042,"Y좌표20":509.044,"X좌표59":320.644,"X좌표58":343.644,"X좌표57":362.644,"X좌표56":385.644,"X좌표55":410.645,"X좌표54":436.645,"X좌표53":461.645,"X좌표52":457.645,"X좌표51":442.645,"X좌표50":415.645,"Y좌표29":14.0392,"Y좌표15":693.046,"Y좌표14":716.046,"Y좌표17":629.045,"Y좌표16":677.046,"Y좌표11":741.046,"Y좌표10":671.046,"Y좌표13":753.046,"Y좌표12":774.047,"Y좌표19":543.044,"Y좌표18":597.045,"Y좌표48":249.041,"Y좌표47":389.043,"Y좌표49":161.041,"Y좌표44":737.046,"Y좌표43":711.046,"Y좌표46":795.047,"Y좌표45":779.047,"Y좌표40":495.044,"Y좌표42":660.046,"Y좌표41":554.044,"Y좌표37":371.043,"Y좌표36":305.042,"X좌표8":410.645,"Y좌표39":423.043,"X좌표9":409.645,"Y좌표38":395.043,"Y좌표33":108.04,"Y좌표32":59.0396,"Y좌표35":243.041,"Y좌표34":159.041,"Y좌표31":44.0395,"Y좌표30":27.0393,"X좌표2":362.644,"X좌표3":398.645,"X좌표1":320.644,"X좌표6":388.644,"X좌표7":394.644,"X좌표4":407.645,"X좌표5":394.644,"Y좌표9":570.045,"X좌표19":224.643,"X좌표18":218.643,"X좌표17":227.643,"X좌표16":211.643,"X좌표15":214.643,"X좌표14":233.643,"X좌표13":305.644,"X좌표12":419.645,"X좌표11":419.645,"Y좌표4":111.04,"X좌표10":413.645,"Y좌표3":108.04,"Y좌표2":87.0399,"Y좌표1":24.0393,"Y좌표8":534.044,"Y좌표7":336.042,"Y좌표6":224.041,"Y좌표5":174.041,"Y좌표59":26.0393,"Y좌표58":29.0393,"Y좌표55":27.0393,"Y좌표54":45.0395,"Y좌표57":29.0393,"Y좌표56":29.0393,"Y좌표51":92.04,"Y좌표50":99.04,"Y좌표53":53.0396,"Y좌표52":72.0398,"X좌표29":439.645,"X좌표28":388.644,"X좌표27":302.644,"X좌표26":265.643,"X좌표25":238.643,"X좌표24":212.643,"X좌표23":200.643,"X좌표22":191.643,"X좌표21":217.643,"X좌표20":218.643}],"하의":[{}],"원피스":[{}],"상의":[{}]},"라벨링":{"스타일":[{"스타일":"로맨틱"}],"아우터":[{"기장":"롱","색상":"핑크","카테고리":"코트","소매기장":"긴팔","소재":["울\/캐시미어"],"프린트":["무지"],"넥라인":"라운드넥","핏":"노멀"}],"하의":[{}],"원피스":[{}],"상의":[{}]}},"파일 번호":166,"파일 이름":"Amaker_034_01.jpg"}}