{"이미지 정보":{"이미지 식별자":275,"이미지 높이":800,"이미지 파일명":"Thenew_019_00_DE_데이OPS.jpg","이미지 너비":800},"데이터셋 정보":{"파일 생성일자":"2020-08-03 01:53:43","데이터셋 상세설명":{"렉트좌표":{"아우터":[{}],"하의":[{}],"원피스":[{"X좌표":299.503,"Y좌표":4.50261,"가로":330,"세로":665}],"상의":[{}]},"폴리곤좌표":{"아우터":[{}],"하의":[{}],"원피스":[{"Y좌표40":9.00261,"Y좌표42":5.00261,"Y좌표41":6.00261,"X좌표39":507.003,"X좌표38":528.003,"X좌표37":536.003,"X좌표36":531.003,"X좌표35":526.003,"X좌표34":526.003,"X좌표33":525.003,"X좌표32":526.003,"X좌표31":520.003,"X좌표30":506.003,"Y좌표37":49.0026,"Y좌표36":58.0026,"X좌표8":300.003,"Y좌표39":14.0026,"X좌표9":321.003,"Y좌표38":31.0026,"Y좌표33":85.0026,"Y좌표32":94.0026,"Y좌표35":70.0026,"Y좌표34":75.0026,"Y좌표31":98.0026,"Y좌표30":86.0026,"X좌표2":440.003,"X좌표3":430.003,"X좌표42":456.003,"X좌표41":478.003,"X좌표1":453.003,"X좌표40":495.003,"X좌표6":336.003,"X좌표7":317.003,"X좌표4":396.003,"X좌표5":360.003,"Y좌표26":334.003,"Y좌표25":458.003,"Y좌표28":180.003,"Y좌표9":106.003,"Y좌표27":246.003,"Y좌표22":662.003,"Y좌표21":671.003,"Y좌표24":621.003,"Y좌표23":639.003,"Y좌표20":656.003,"X좌표19":486.003,"X좌표18":451.003,"X좌표17":407.003,"X좌표16":390.003,"X좌표15":381.003,"X좌표14":380.003,"X좌표13":380.003,"X좌표12":371.003,"X좌표11":347.003,"Y좌표4":65.0026,"X좌표10":336.003,"Y좌표3":89.0026,"Y좌표2":51.0026,"Y좌표1":7.00261,"Y좌표8":90.0026,"Y좌표7":58.0026,"Y좌표29":129.003,"Y좌표6":41.0026,"Y좌표5":32.0026,"Y좌표15":292.003,"Y좌표14":259.003,"Y좌표17":457.003,"Y좌표16":366.003,"Y좌표11":120.003,"Y좌표10":113.003,"Y좌표13":211.003,"Y좌표12":174.003,"X좌표29":502.003,"X좌표28":514.003,"X좌표27":543.003,"X좌표26":569.003,"X좌표25":597.003,"X좌표24":631.003,"X좌표23":624.003,"X좌표22":580.003,"X좌표21":545.003,"X좌표20":523.003,"Y좌표19":656.003,"Y좌표18":660.003}],"상의":[{}]},"라벨링":{"스타일":[{"스타일":"로맨틱","서브스타일":"리조트"}],"아우터":[{}],"하의":[{}],"원피스":[{"기장":"발목","색상":"블루","서브색상":"화이트","카테고리":"드레스","디테일":["셔링","러플"],"소매기장":"반팔","소재":["시폰"],"프린트":["플로럴"],"넥라인":"브이넥","핏":"노멀"}],"상의":[{}]}},"파일 번호":275,"파일 이름":"Thenew_019_00_DE_데이OPS.jpg"}}