{"이미지 정보":{"이미지 식별자":276,"이미지 높이":800,"이미지 파일명":"Thenew_019_01.jpg","이미지 너비":800},"데이터셋 정보":{"파일 생성일자":"2020-08-03 01:53:43","데이터셋 상세설명":{"렉트좌표":{"아우터":[{}],"하의":[{}],"원피스":[{"X좌표":263.503,"Y좌표":7.50261,"가로":331,"세로":662}],"상의":[{}]},"폴리곤좌표":{"아우터":[{}],"하의":[{}],"원피스":[{"X좌표39":413.003,"X좌표38":375.003,"X좌표37":361.003,"X좌표36":347.003,"X좌표35":345.003,"X좌표34":346.003,"X좌표33":330.003,"X좌표32":311.003,"X좌표31":299.003,"X좌표30":286.003,"Y좌표37":405.003,"Y좌표36":309.003,"X좌표8":548.003,"Y좌표39":664.003,"X좌표9":521.003,"Y좌표38":468.003,"Y좌표33":156.003,"Y좌표32":121.003,"Y좌표35":242.003,"Y좌표34":190.003,"Y좌표31":111.003,"Y좌표30":109.003,"X좌표2":482.003,"X좌표3":509.003,"X좌표1":415.003,"X좌표6":596.003,"X좌표7":569.003,"X좌표4":544.003,"X좌표5":585.003,"Y좌표26":30.0026,"Y좌표25":46.0026,"Y좌표28":59.0026,"Y좌표9":296.003,"Y좌표27":38.0026,"Y좌표22":73.0026,"Y좌표21":42.0026,"Y좌표24":68.0026,"Y좌표23":91.0026,"Y좌표20":10.0026,"X좌표19":446.003,"X좌표18":466.003,"X좌표17":496.003,"X좌표16":492.003,"X좌표15":491.003,"X좌표14":488.003,"X좌표13":471.003,"X좌표12":465.003,"X좌표11":463.003,"Y좌표4":668.003,"X좌표10":481.003,"Y좌표3":671.003,"Y좌표2":656.003,"Y좌표1":664.003,"Y좌표8":417.003,"Y좌표7":491.003,"Y좌표29":91.0026,"Y좌표6":624.003,"Y좌표5":640.003,"Y좌표15":84.0026,"Y좌표14":101.003,"Y좌표17":41.0026,"Y좌표16":66.0026,"Y좌표11":161.003,"Y좌표10":185.003,"Y좌표13":86.0026,"Y좌표12":121.003,"X좌표29":264.003,"X좌표28":281.003,"X좌표27":305.003,"X좌표26":322.003,"X좌표25":341.003,"X좌표24":363.003,"X좌표23":393.003,"X좌표22":403.003,"X좌표21":407.003,"X좌표20":417.003,"Y좌표19":8.00261,"Y좌표18":12.0026}],"상의":[{}]},"라벨링":{"스타일":[{"스타일":"로맨틱","서브스타일":"리조트"}],"아우터":[{}],"하의":[{}],"원피스":[{"기장":"발목","색상":"블루","서브색상":"화이트","카테고리":"드레스","디테일":["셔링","러플"],"소매기장":"반팔","소재":["시폰"],"프린트":["플로럴"],"넥라인":"브이넥","핏":"노멀"}],"상의":[{}]}},"파일 번호":276,"파일 이름":"Thenew_019_01.jpg"}}